<?xml version="1.0" ?> 
<basisset identity="3-21G*">
 <atom identity="Hydrogen" symbol="H" atomicNumber="1">
   <orbital identity="1" a="0" b="0" c="0">
     <primitive identity="a" exponent="5.44717800" coefficient="0.156285000"/>
     <primitive identity="b" exponent="0.82454700" coefficient="0.904691000"/>
   </orbital>
   <orbital identity="2" a="0" b="0" c="0">
     <primitive identity="a" exponent="0.183192000" coefficient="1.00000000"/>
   </orbital>
 </atom>

 <atom identity="Helium" symbol="He" atomicNumber="2">
   <orbital identity="1" a="0" b="0" c="0">
     <primitive identity="a" exponent="13.6267000" coefficient="0.175230000"/>
     <primitive identity="b" exponent="1.99935000" coefficient="0.893483000"/>
   </orbital>                                                                
   <orbital identity="2" a="0" b="0" c="0">
     <primitive identity="a" exponent="0.382993000" coefficient="1.00000000"/>
   </orbital>
 </atom>

 <atom identity="Lithium" symbol="Li" atomicNumber="3">
   <orbital identity="1" a="0" b="0" c="0">
     <primitive identity="a" exponent="36.8382000" coefficient="0.696686000E-01"/>
     <primitive identity="b" exponent="5.48172000" coefficient="0.381346000"/>
     <primitive identity="c" exponent="1.11327000" coefficient="0.681702000"/>
   </orbital>
   <orbital identity="2" a="0" b="0" c="0">
     <primitive identity="a" exponent="0.540205000" coefficient="-0.263127000"/>
     <primitive identity="b" exponent="0.102255000" coefficient="1.14339000"/>
   </orbital>
   <orbital identity="3" a="1" b="0" c="0">
     <primitive identity="a" exponent="0.540205000" coefficient="0.161546000"/>
     <primitive identity="b" exponent="0.102255000" coefficient="0.915663000"/>
   </orbital>
   <orbital identity="4" a="0" b="1" c="0">
     <primitive identity="a" exponent="0.540205000" coefficient="0.161546000"/>
     <primitive identity="b" exponent="0.102255000" coefficient="0.915663000"/>
   </orbital>
   <orbital identity="5" a="0" b="0" c="1">
     <primitive identity="a" exponent="0.540205000" coefficient="0.161546000"/>
     <primitive identity="b" exponent="0.102255000" coefficient="0.915663000"/>
   </orbital>
   <orbital identity="6" a="0" b="0" c="0">
     <primitive identity="a" exponent="0.285650000E-01" coefficient="1.00000000"/>
   </orbital>
   <orbital identity="7" a="1" b="0" c="0">
     <primitive identity="a" exponent="0.285650000E-01" coefficient="1.00000000"/>
   </orbital>
   <orbital identity="8" a="0" b="1" c="0">
     <primitive identity="a" exponent="0.285650000E-01" coefficient="1.00000000"/>
   </orbital>
   <orbital identity="9" a="0" b="0" c="1">
     <primitive identity="a" exponent="0.285650000E-01" coefficient="1.00000000"/>
   </orbital>
 </atom>

 <atom identity="Beryllium" symbol="Be" atomicNumber="4">
   <orbital identity="1" a="0" b="0" c="0">
     <primitive identity="a" exponent="71.8876000" coefficient="0.644263000E-01"/>
     <primitive identity="b" exponent="10.7289000" coefficient="0.366096000"/>
     <primitive identity="c" exponent="2.22205000" coefficient="0.695934000"/>
   </orbital>
   <orbital identity="2" a="0" b="0" c="0">
     <primitive identity="a" exponent="1.29548000" coefficient="-0.421064000"/>
     <primitive identity="b" exponent="0.268881000" coefficient="1.22407000"/>
   </orbital>
   <orbital identity="3" a="1" b="0" c="0">
     <primitive identity="a" exponent="1.29548000" coefficient="0.205132000"/>
     <primitive identity="b" exponent="0.268881000" coefficient="0.882528000"/>
   </orbital>
   <orbital identity="4" a="0" b="1" c="0">
     <primitive identity="a" exponent="0.540205000" coefficient="0.205132000"/>
     <primitive identity="b" exponent="0.102255000" coefficient="0.882528000"/>
   </orbital>
   <orbital identity="5" a="0" b="0" c="1">
     <primitive identity="a" exponent="0.540205000" coefficient="0.205132000"/>
     <primitive identity="b" exponent="0.102255000" coefficient="0.882528000"/>
   </orbital>
   <orbital identity="6" a="0" b="0" c="0">
     <primitive identity="a" exponent="0.773500000E-01" coefficient="1.00000000"/>
   </orbital>
   <orbital identity="7" a="1" b="0" c="0">
     <primitive identity="a" exponent="0.773500000E-01" coefficient="1.00000000"/>
   </orbital>
   <orbital identity="8" a="0" b="1" c="0">
     <primitive identity="a" exponent="0.773500000E-01" coefficient="1.00000000"/>
   </orbital>
   <orbital identity="9" a="0" b="0" c="1">
     <primitive identity="a" exponent="0.773500000E-01" coefficient="1.00000000"/>
   </orbital>
 </atom>

 <atom identity="Boron" symbol="B" atomicNumber="5">
   <orbital identity="1" a="0" b="0" c="0">
     <primitive identity="a" exponent="116.434000" coefficient="0.629605000E-01"/>
     <primitive identity="b" exponent="17.4314000" coefficient="0.363304000"/>
     <primitive identity="c" exponent="3.68016000" coefficient="0.697255000"/>
   </orbital>
   <orbital identity="2" a="0" b="0" c="0">
     <primitive identity="a" exponent="2.28187000" coefficient="-0.368662000"/>
     <primitive identity="b" exponent="0.465248000" coefficient="1.19944000"/>
   </orbital> 
   <orbital identity="3" a="1" b="0" c="0">
     <primitive identity="a" exponent="2.28187000" coefficient="0.231152000"/>
     <primitive identity="b" exponent="0.465248000" coefficient="0.866764000"/>
   </orbital>
   <orbital identity="4" a="0" b="1" c="0">
     <primitive identity="a" exponent="2.28187000" coefficient="0.231152000"/>
     <primitive identity="b" exponent="0.465248000" coefficient="0.866764000"/>
   </orbital>
   <orbital identity="5" a="0" b="0" c="1">
     <primitive identity="a" exponent="2.28187000" coefficient="0.231152000"/>
     <primitive identity="b" exponent="0.465248000" coefficient="0.866764000"/>
   </orbital>
   <orbital identity="6" a="0" b="0" c="0">
     <primitive identity="a" exponent="0.124328000" coefficient="1.00000000E0"/>
   </orbital>
   <orbital identity="7" a="1" b="0" c="0">
     <primitive identity="a" exponent="0.124328000" coefficient="1.00000000E0"/>
   </orbital>
   <orbital identity="8" a="0" b="1" c="0">
     <primitive identity="a" exponent="0.124328000" coefficient="1.00000000E0"/>
   </orbital>
   <orbital identity="9" a="0" b="0" c="1">
     <primitive identity="a" exponent="0.124328000" coefficient="1.00000000E0"/>
   </orbital>
 </atom>

 <atom identity="Carbon" symbol="C" atomicNumber="6">
   <orbital identity="1" a="0" b="0" c="0">
     <primitive identity="a" exponent="172.256000" coefficient="0.617669000E-01"/>
     <primitive identity="b" exponent="25.9109000" coefficient="0.358794000"/>
     <primitive identity="c" exponent="5.53335000" coefficient="0.700713000"/>
   </orbital>
   <orbital identity="2" a="0" b="0" c="0">
     <primitive identity="a" exponent="3.66498000" coefficient="-0.395897000E0"/>
     <primitive identity="b" exponent="0.770545000" coefficient="1.21584000E0"/>
   </orbital> 
   <orbital identity="3" a="1" b="0" c="0">
     <primitive identity="a" exponent="3.66498000E0" coefficient="0.236460000E0"/>
     <primitive identity="b" exponent="0.770545000E0" coefficient="0.860619000E0"/>
   </orbital>
   <orbital identity="4" a="0" b="1" c="0">
     <primitive identity="a" exponent="3.66498000E0" coefficient="0.236460000E0"/>
     <primitive identity="b" exponent="0.770545000E0" coefficient="0.860619000E0"/>
   </orbital>
   <orbital identity="5" a="0" b="0" c="1">
     <primitive identity="a" exponent="3.66498000E0" coefficient="0.236460000E0"/>
     <primitive identity="b" exponent="0.770545000E0" coefficient="0.860619000E0"/>
   </orbital>
   <orbital identity="6" a="0" b="0" c="0">
     <primitive identity="a" exponent="0.195857000E0" coefficient="1.00000000E0"/>
   </orbital>
   <orbital identity="7" a="1" b="0" c="0">
     <primitive identity="a" exponent="0.195857000E0" coefficient="1.00000000E0"/>
   </orbital>
   <orbital identity="8" a="0" b="1" c="0">
     <primitive identity="a" exponent="0.195857000E0" coefficient="1.00000000E0"/>
   </orbital>
   <orbital identity="9" a="0" b="0" c="1">
     <primitive identity="a" exponent="0.195857000E0" coefficient="1.00000000E0"/>
   </orbital>
 </atom>

 <atom identity="Nitrogen" symbol="N" atomicNumber="7">
   <orbital identity="1" a="0" b="0" c="0">
     <primitive identity="a" exponent="242.766000" coefficient="0.598657000E-01"/>
     <primitive identity="b" exponent="36.4851000" coefficient="0.352955000"/>
     <primitive identity="c" exponent="7.81449000" coefficient="0.706513000"/>
   </orbital>
   <orbital identity="2" a="0" b="0" c="0">
     <primitive identity="a" exponent="5.42522000" coefficient="-0.413301000"/>
     <primitive identity="b" exponent="1.14915000" coefficient="1.22442000"/>
   </orbital> 
   <orbital identity="3" a="1" b="0" c="0">
     <primitive identity="a" exponent="5.42522000" coefficient="0.237972000"/>
     <primitive identity="b" exponent="1.14915000" coefficient="0.858953000"/>
   </orbital>
   <orbital identity="4" a="0" b="1" c="0">
     <primitive identity="a" exponent="5.42522000" coefficient="0.237972000"/>
     <primitive identity="b" exponent="1.14915000" coefficient="0.858953000"/>
   </orbital>
   <orbital identity="5" a="0" b="0" c="1">
     <primitive identity="a" exponent="5.42522000" coefficient="0.237972000"/>
     <primitive identity="b" exponent="1.14915000" coefficient="0.858953000"/>
   </orbital>
   <orbital identity="6" a="0" b="0" c="0">
     <primitive identity="a" exponent="0.283205000" coefficient="1.00000000E0"/>
   </orbital>
   <orbital identity="7" a="1" b="0" c="0">
     <primitive identity="a" exponent="0.283205000" coefficient="1.00000000E0"/>
   </orbital>
   <orbital identity="8" a="0" b="1" c="0">
     <primitive identity="a" exponent="0.283205000" coefficient="1.00000000E0"/>
   </orbital>
   <orbital identity="9" a="0" b="0" c="1">
     <primitive identity="a" exponent="0.283205000" coefficient="1.00000000E0"/>
   </orbital>
 </atom>

 <atom identity="Oxygen" symbol="O" atomicNumber="8">
   <orbital identity="1" a="0" b="0" c="0">
     <primitive identity="a" exponent="322.037000" coefficient="0.592394000E-01"/>
     <primitive identity="b" exponent="48.4308000" coefficient="0.351500000"/>
     <primitive identity="c" exponent="10.4206000" coefficient="0.707658000"/>
   </orbital>
   <orbital identity="2" a="0" b="0" c="0">
     <primitive identity="a" exponent="7.40294000" coefficient="-0.404453000"/>
     <primitive identity="b" exponent="1.57620000" coefficient="1.22156000"/>
   </orbital> 
   <orbital identity="3" a="1" b="0" c="0">
     <primitive identity="a" exponent="7.40294000" coefficient="0.244586000"/>
     <primitive identity="b" exponent="1.57620000" coefficient="0.853955000"/>
   </orbital>
   <orbital identity="4" a="0" b="1" c="0">
     <primitive identity="a" exponent="7.40294000" coefficient="0.244586000"/>
     <primitive identity="b" exponent="1.57620000" coefficient="0.853955000"/>
   </orbital>
   <orbital identity="5" a="0" b="0" c="1">
     <primitive identity="a" exponent="7.40294000" coefficient="0.244586000"/>
     <primitive identity="b" exponent="1.57620000" coefficient="0.853955000"/>
   </orbital>
   <orbital identity="6" a="0" b="0" c="0">
     <primitive identity="a" exponent="0.373684000" coefficient="1.00000000E0"/>
   </orbital>
   <orbital identity="7" a="1" b="0" c="0">
     <primitive identity="a" exponent="0.373684000" coefficient="1.00000000E0"/>
   </orbital>
   <orbital identity="8" a="0" b="1" c="0">
     <primitive identity="a" exponent="0.373684000" coefficient="1.00000000E0"/>
   </orbital>
   <orbital identity="9" a="0" b="0" c="1">
     <primitive identity="a" exponent="0.373684000" coefficient="1.00000000E0"/>
   </orbital>
 </atom>

 <atom identity="Fluorine" symbol="F" atomicNumber="9">
   <orbital identity="1" a="0" b="0" c="0">
     <primitive identity="a" exponent="413.801000" coefficient="0.585483000E-01"/>
     <primitive identity="b" exponent="62.2446000" coefficient="0.349308000"/>
     <primitive identity="c" exponent="13.4340000" coefficient="0.709632000"/>
   </orbital>
   <orbital identity="2" a="0" b="0" c="0">
     <primitive identity="a" exponent="9.77759000" coefficient="-0.407327000"/>
     <primitive identity="b" exponent="2.08617000" coefficient="1.22314000"/>
   </orbital> 
   <orbital identity="3" a="1" b="0" c="0">
     <primitive identity="a" exponent="9.77759000" coefficient="0.246680000"/>
     <primitive identity="b" exponent="2.08617000" coefficient="0.852321000"/>
   </orbital>
   <orbital identity="4" a="0" b="1" c="0">
     <primitive identity="a" exponent="9.77759000" coefficient="0.246680000"/>
     <primitive identity="b" exponent="2.08617000" coefficient="0.852321000"/>
   </orbital>
   <orbital identity="5" a="0" b="0" c="1">
     <primitive identity="a" exponent="9.77759000" coefficient="0.246680000"/>
     <primitive identity="b" exponent="2.08617000" coefficient="0.852321000"/>
   </orbital>
   <orbital identity="6" a="0" b="0" c="0">
     <primitive identity="a" exponent="0.482383000" coefficient="1.00000000E0"/>
   </orbital>
   <orbital identity="7" a="1" b="0" c="0">
     <primitive identity="a" exponent="0.482383000" coefficient="1.00000000E0"/>
   </orbital>
   <orbital identity="8" a="0" b="1" c="0">
     <primitive identity="a" exponent="0.482383000" coefficient="1.00000000E0"/>
   </orbital>
   <orbital identity="9" a="0" b="0" c="1">
     <primitive identity="a" exponent="0.482383000" coefficient="1.00000000E0"/>
   </orbital>
 </atom>

 <atom identity="Neon" symbol="Ne" atomicNumber="10">
   <orbital identity="1" a="0" b="0" c="0">
     <primitive identity="a" exponent="515.724000" coefficient="0.581430000E-01"/>
     <primitive identity="b" exponent="77.6538000" coefficient="0.347951000"/>
     <primitive identity="c" exponent="16.8136000" coefficient="0.710714000"/>
   </orbital>
   <orbital identity="2" a="0" b="0" c="0">
     <primitive identity="a" exponent="12.4830000" coefficient="-0.409922000"/>
     <primitive identity="b" exponent="2.66451000" coefficient="1.22431000"/>
   </orbital> 
   <orbital identity="3" a="1" b="0" c="0">
     <primitive identity="a" exponent="12.4830000" coefficient="0.247460000"/>
     <primitive identity="b" exponent="2.66451000" coefficient="0.851743000"/>
   </orbital>
   <orbital identity="4" a="0" b="1" c="0">
     <primitive identity="a" exponent="12.4830000" coefficient="0.247460000"/>
     <primitive identity="b" exponent="2.66451000" coefficient="0.851743000"/>
   </orbital>
   <orbital identity="5" a="0" b="0" c="1">
     <primitive identity="a" exponent="12.4830000" coefficient="0.247460000"/>
     <primitive identity="b" exponent="2.66451000" coefficient="0.851743000"/>
   </orbital>
   <orbital identity="6" a="0" b="0" c="0">
     <primitive identity="a" exponent="0.606250000" coefficient="1.00000000E0"/>
   </orbital>
   <orbital identity="7" a="1" b="0" c="0">
     <primitive identity="a" exponent="0.606250000" coefficient="1.00000000E0"/>
   </orbital>
   <orbital identity="8" a="0" b="1" c="0">
     <primitive identity="a" exponent="0.606250000" coefficient="1.00000000E0"/>
   </orbital>
   <orbital identity="9" a="0" b="0" c="1">
     <primitive identity="a" exponent="0.606250000" coefficient="1.00000000E0"/>
   </orbital>
 </atom>

 <atom identity="Sodium" symbol="Na" atomicNumber="11">
   <orbital identity="1" a="0" b="0" c="0">
     <primitive identity="a" exponent="547.613000E0" coefficient="0.674911000E-01"/>
     <primitive identity="b" exponent="82.0678000E0" coefficient="0.393505000E0"/>
     <primitive identity="c" exponent="17.6917000E0" coefficient="0.665605000E0"/>
   </orbital>
   <orbital identity="2" a="0" b="0" c="0">
     <primitive identity="a" exponent="17.5407000E0" coefficient="-0.111937000"/>
     <primitive identity="b" exponent="3.79398000E0" coefficient="0.254654000"/>
     <primitive identity="b" exponent="0.90644100E0" coefficient="0.844417000"/>
   </orbital>
   <orbital identity="3" a="1" b="0" c="0">
     <primitive identity="a" exponent="17.5407000E0" coefficient="0.128233000"/>
     <primitive identity="b" exponent="3.79398000E0" coefficient="0.471533000"/>
     <primitive identity="b" exponent="0.90644100E0" coefficient="0.604273000"/>
   </orbital>
   <orbital identity="4" a="0" b="1" c="0">
     <primitive identity="a" exponent="17.5407000E0" coefficient="0.128233000"/>
     <primitive identity="b" exponent="3.79398000E0" coefficient="0.471533000"/>
     <primitive identity="b" exponent="0.90644100E0" coefficient="0.604273000"/>
   </orbital>
   <orbital identity="5" a="0" b="0" c="1">
     <primitive identity="a" exponent="17.5407000E0" coefficient="0.128233000"/>
     <primitive identity="b" exponent="3.79398000E0" coefficient="0.471533000"/>
     <primitive identity="b" exponent="0.90644100E0" coefficient="0.604273000"/>
   </orbital>
   <orbital identity="6" a="0" b="0" c="0">
     <primitive identity="a" exponent="0.501824000E0" coefficient="-0.219660000"/>
     <primitive identity="b" exponent="0.609458000E-01" coefficient="1.08912000"/>
   </orbital>
   <orbital identity="7" a="1" b="0" c="0">
     <primitive identity="a" exponent="0.501824000E0" coefficient="0.906650000E-02"/>
     <primitive identity="b" exponent="0.609458000E-01" coefficient="0.997202000"/>
   </orbital>
   <orbital identity="8" a="0" b="1" c="0">
     <primitive identity="a" exponent="0.501824000E0" coefficient="0.906650000E-02"/>
     <primitive identity="b" exponent="0.609458000E-01" coefficient="0.997202000"/>
   </orbital>
   <orbital identity="9" a="0" b="0" c="1">
     <primitive identity="a" exponent="0.501824000E0" coefficient="0.906650000E-02"/>
     <primitive identity="b" exponent="0.609458000E-01" coefficient="0.997202000"/>
   </orbital>
   <orbital identity="10" a="0" b="0" c="0">
     <primitive identity="a" exponent="0.244349000E-01" coefficient="1.00000000"/>
   </orbital>
   <orbital identity="11" a="1" b="0" c="0">
     <primitive identity="a" exponent="0.244349000E-01" coefficient="1.00000000"/>
   </orbital>
   <orbital identity="12" a="0" b="1" c="0">
     <primitive identity="a" exponent="0.244349000E-01" coefficient="1.00000000"/>
   </orbital>
   <orbital identity="13" a="0" b="0" c="1">
     <primitive identity="a" exponent="0.244349000E-01" coefficient="1.00000000"/>
   </orbital>
   <orbital identity="14" a="2" b="0" c="0">
     <primitive identity="a" exponent="0.175000000" coefficient="1.00000000"/>
   </orbital>
   <orbital identity="15" a="0" b="2" c="0">
     <primitive identity="a" exponent="0.175000000" coefficient="1.00000000"/>
   </orbital>
   <orbital identity="16" a="0" b="0" c="2">
     <primitive identity="a" exponent="0.175000000" coefficient="1.00000000"/>
   </orbital>
   <orbital identity="17" a="1" b="1" c="0">
     <primitive identity="a" exponent="0.175000000" coefficient="1.00000000"/>
   </orbital>
   <orbital identity="18" a="1" b="0" c="1">
     <primitive identity="a" exponent="0.175000000" coefficient="1.00000000"/>
   </orbital>
   <orbital identity="19" a="0" b="1" c="1">
     <primitive identity="a" exponent="0.175000000" coefficient="1.00000000"/>
   </orbital>
 </atom>

 <atom identity="Magnesium" symbol="Mg" atomicNumber="12">
   <orbital identity="1" a="0" b="0" c="0">
     <primitive identity="a" exponent="652.841000" coefficient="0.675982000E-01"/>
     <primitive identity="b" exponent="98.3805000" coefficient="0.391778000"/>
     <primitive identity="c" exponent="21.2996000" coefficient="0.666661000"/>
   </orbital>
   <orbital identity="2" a="0" b="0" c="0">
     <primitive identity="a" exponent="23.3727000" coefficient="-0.110246000"/>
     <primitive identity="b" exponent="5.19953000" coefficient="0.184119000"/>
     <primitive identity="b" exponent="1.31508000" coefficient="0.896399000"/>
   </orbital>
   <orbital identity="3" a="1" b="0" c="0">
     <primitive identity="a" exponent="23.3727000" coefficient="0.121014000"/>
     <primitive identity="b" exponent="5.19953000" coefficient="0.462810000"/>
     <primitive identity="b" exponent="1.31508000" coefficient="0.606907000"/>
   </orbital>
   <orbital identity="4" a="0" b="1" c="0">
     <primitive identity="a" exponent="23.3727000" coefficient="0.121014000"/>
     <primitive identity="b" exponent="5.19953000" coefficient="0.462810000"/>
     <primitive identity="b" exponent="1.31508000" coefficient="0.606907000"/>
   </orbital>
   <orbital identity="5" a="0" b="0" c="1">
     <primitive identity="a" exponent="23.3727000" coefficient="0.121014000"/>
     <primitive identity="b" exponent="5.19953000" coefficient="0.462810000"/>
     <primitive identity="b" exponent="1.31508000" coefficient="0.606907000"/>
   </orbital>
   <orbital identity="6" a="0" b="0" c="0">
     <primitive identity="a" exponent="0.611349000" coefficient="-0.361101000"/>
     <primitive identity="b" exponent="0.141841000" coefficient="1.21505000"/>
   </orbital>
   <orbital identity="7" a="1" b="0" c="0">
     <primitive identity="a" exponent="0.611349000" coefficient="0.242633000E-01"/>
     <primitive identity="b" exponent="0.141841000" coefficient="0.986673000"/>
   </orbital>
   <orbital identity="8" a="0" b="1" c="0">
     <primitive identity="a" exponent="0.611349000" coefficient="0.242633000E-01"/>
     <primitive identity="b" exponent="0.141841000" coefficient="0.986673000"/>
   </orbital>
   <orbital identity="9" a="0" b="0" c="1">
     <primitive identity="a" exponent="0.611349000" coefficient="0.242633000E-01"/>
     <primitive identity="b" exponent="0.141841000" coefficient="0.986673000"/>
   </orbital>
   <orbital identity="10" a="0" b="0" c="0">
     <primitive identity="a" exponent="0.464011000E-01" coefficient="1.00000000"/>
   </orbital>
   <orbital identity="11" a="1" b="0" c="0">
     <primitive identity="a" exponent="0.464011000E-01" coefficient="1.00000000"/>
   </orbital>
   <orbital identity="12" a="0" b="1" c="0">
     <primitive identity="a" exponent="0.464011000E-01" coefficient="1.00000000"/>
   </orbital>
   <orbital identity="13" a="0" b="0" c="1">
     <primitive identity="a" exponent="0.464011000E-01" coefficient="1.00000000"/>
   </orbital>
   <orbital identity="14" a="2" b="0" c="0">
     <primitive identity="a" exponent="0.175000000" coefficient="1.00000000"/>
   </orbital>
   <orbital identity="15" a="0" b="2" c="0">
     <primitive identity="a" exponent="0.175000000" coefficient="1.00000000"/>
   </orbital>
   <orbital identity="16" a="0" b="0" c="2">
     <primitive identity="a" exponent="0.175000000" coefficient="1.00000000"/>
   </orbital>
   <orbital identity="17" a="1" b="1" c="0">
     <primitive identity="a" exponent="0.175000000" coefficient="1.00000000"/>
   </orbital>
   <orbital identity="18" a="1" b="0" c="1">
     <primitive identity="a" exponent="0.175000000" coefficient="1.00000000"/>
   </orbital>
   <orbital identity="19" a="0" b="1" c="1">
     <primitive identity="a" exponent="0.175000000" coefficient="1.00000000"/>
   </orbital>
 </atom>

 <atom identity="Aluminium" symbol="Al" atomicNumber="13">
   <orbital identity="1" a="0" b="0" c="0">
     <primitive identity="a" exponent="775.737000" coefficient="0.668347000E-01"/>
     <primitive identity="b" exponent="116.952000" coefficient="0.389061000"/>
     <primitive identity="c" exponent="25.3326000" coefficient="0.669468000"/>
   </orbital>
   <orbital identity="2" a="0" b="0" c="0">
     <primitive identity="a" exponent="29.4796000" coefficient="-0.107902000"/>
     <primitive identity="b" exponent="6.63314000" coefficient="0.146245000"/>
     <primitive identity="b" exponent="1.72675000" coefficient="0.923730000"/>
   </orbital>
   <orbital identity="3" a="1" b="0" c="0">
     <primitive identity="a" exponent="29.4796000" coefficient="0.117574000"/>
     <primitive identity="b" exponent="6.63314000" coefficient="0.461174000"/>
     <primitive identity="b" exponent="1.72675000" coefficient="0.605535000"/>
   </orbital>
   <orbital identity="4" a="0" b="1" c="0">
     <primitive identity="a" exponent="29.4796000" coefficient="0.117574000"/>
     <primitive identity="b" exponent="6.63314000" coefficient="0.461174000"/>
     <primitive identity="b" exponent="1.72675000" coefficient="0.605535000"/>
   </orbital>
   <orbital identity="5" a="0" b="0" c="1">
     <primitive identity="a" exponent="29.4796000" coefficient="0.117574000"/>
     <primitive identity="b" exponent="6.63314000" coefficient="0.461174000"/>
     <primitive identity="b" exponent="1.72675000" coefficient="0.605535000"/>
   </orbital>
   <orbital identity="6" a="0" b="0" c="0">
     <primitive identity="a" exponent="0.946160000" coefficient="-0.320327000"/>
     <primitive identity="b" exponent="0.202506000" coefficient="1.18412000"/>
   </orbital>
   <orbital identity="7" a="1" b="0" c="0">
     <primitive identity="a" exponent="0.946160000" coefficient="0.519383000E-01"/>
     <primitive identity="b" exponent="0.202506000" coefficient="0.972660000"/>
   </orbital>
   <orbital identity="8" a="0" b="1" c="0">
     <primitive identity="a" exponent="0.946160000" coefficient="0.519383000E-01"/>
     <primitive identity="b" exponent="0.202506000" coefficient="0.972660000"/>
   </orbital>
   <orbital identity="9" a="0" b="0" c="1">
     <primitive identity="a" exponent="0.946160000" coefficient="0.519383000E-01"/>
     <primitive identity="b" exponent="0.202506000" coefficient="0.972660000"/>
   </orbital>
   <orbital identity="10" a="0" b="0" c="0">
     <primitive identity="a" exponent="0.639088000E-01" coefficient="1.00000000"/>
   </orbital>
   <orbital identity="11" a="1" b="0" c="0">
     <primitive identity="a" exponent="0.639088000E-01" coefficient="1.00000000"/>
   </orbital>
   <orbital identity="12" a="0" b="1" c="0">
     <primitive identity="a" exponent="0.639088000E-01" coefficient="1.00000000"/>
   </orbital>
   <orbital identity="13" a="0" b="0" c="1">
     <primitive identity="a" exponent="0.639088000E-01" coefficient="1.00000000"/>
   </orbital>
   <orbital identity="14" a="2" b="0" c="0">
     <primitive identity="a" exponent="0.325000000" coefficient="1.00000000"/>
   </orbital>
   <orbital identity="15" a="0" b="2" c="0">
     <primitive identity="a" exponent="0.325000000" coefficient="1.00000000"/>
   </orbital>
   <orbital identity="16" a="0" b="0" c="2">
     <primitive identity="a" exponent="0.325000000" coefficient="1.00000000"/>
   </orbital>
   <orbital identity="17" a="1" b="1" c="0">
     <primitive identity="a" exponent="0.325000000" coefficient="1.00000000"/>
   </orbital>
   <orbital identity="18" a="1" b="0" c="1">
     <primitive identity="a" exponent="0.325000000" coefficient="1.00000000"/>
   </orbital>
   <orbital identity="19" a="0" b="1" c="1">
     <primitive identity="a" exponent="0.325000000" coefficient="1.00000000"/>
   </orbital>
 </atom>

 <atom identity="Silicon" symbol="Si" atomicNumber="14">
   <orbital identity="1" a="0" b="0" c="0">
     <primitive identity="a" exponent="910.655000" coefficient="0.660823000E-01"/>
     <primitive identity="b" exponent="137.336000" coefficient="0.386229000"/>
     <primitive identity="c" exponent="29.7601000" coefficient="0.672380000"/>
   </orbital>
   <orbital identity="2" a="0" b="0" c="0">
     <primitive identity="a" exponent="36.6716000" coefficient="-0.104511000"/>
     <primitive identity="b" exponent="8.31729000" coefficient="0.107410000"/>
     <primitive identity="b" exponent="2.21645000" coefficient="0.951446000"/>
   </orbital>
   <orbital identity="3" a="1" b="0" c="0">
     <primitive identity="a" exponent="36.6716000" coefficient="0.113355000"/>
     <primitive identity="b" exponent="8.31729000" coefficient="0.457578000"/>
     <primitive identity="b" exponent="2.21645000" coefficient="0.607427000"/>
   </orbital>
   <orbital identity="4" a="0" b="1" c="0">
     <primitive identity="a" exponent="36.6716000" coefficient="0.113355000"/>
     <primitive identity="b" exponent="8.31729000" coefficient="0.457578000"/>
     <primitive identity="b" exponent="2.21645000" coefficient="0.607427000"/>
   </orbital>
   <orbital identity="5" a="0" b="0" c="1">
     <primitive identity="a" exponent="36.6716000" coefficient="0.113355000"/>
     <primitive identity="b" exponent="8.31729000" coefficient="0.457578000"/>
     <primitive identity="b" exponent="2.21645000" coefficient="0.607427000"/>
   </orbital>
   <orbital identity="6" a="0" b="0" c="0">
     <primitive identity="a" exponent="1.07913000" coefficient="-0.376108000"/>
     <primitive identity="b" exponent="0.302422000" coefficient="1.25165000"/>
   </orbital>
   <orbital identity="7" a="1" b="0" c="0">
     <primitive identity="a" exponent="1.07913000" coefficient="0.671030000E-01"/>
     <primitive identity="b" exponent="0.302422000" coefficient="0.956883000"/>
   </orbital>
   <orbital identity="8" a="0" b="1" c="0">
     <primitive identity="a" exponent="1.07913000" coefficient="0.671030000E-01"/>
     <primitive identity="b" exponent="0.302422000" coefficient="0.956883000"/>
   </orbital>
   <orbital identity="9" a="0" b="0" c="1">
     <primitive identity="a" exponent="1.07913000" coefficient="0.671030000E-01"/>
     <primitive identity="b" exponent="0.302422000" coefficient="0.956883000"/>
   </orbital>
   <orbital identity="10" a="0" b="0" c="0">
     <primitive identity="a" exponent="0.933392000E-01" coefficient="1.00000000"/>
   </orbital>
   <orbital identity="11" a="1" b="0" c="0">
     <primitive identity="a" exponent="0.933392000E-01" coefficient="1.00000000"/>
   </orbital>
   <orbital identity="12" a="0" b="1" c="0">
     <primitive identity="a" exponent="0.933392000E-01" coefficient="1.00000000"/>
   </orbital>
   <orbital identity="13" a="0" b="0" c="1">
     <primitive identity="a" exponent="0.933392000E-01" coefficient="1.00000000"/>
   </orbital>
   <orbital identity="14" a="2" b="0" c="0">
     <primitive identity="a" exponent="0.450000000" coefficient="1.00000000"/>
   </orbital>
   <orbital identity="15" a="0" b="2" c="0">
     <primitive identity="a" exponent="0.450000000" coefficient="1.00000000"/>
   </orbital>
   <orbital identity="16" a="0" b="0" c="2">
     <primitive identity="a" exponent="0.450000000" coefficient="1.00000000"/>
   </orbital>
   <orbital identity="17" a="1" b="1" c="0">
     <primitive identity="a" exponent="0.450000000" coefficient="1.00000000"/>
   </orbital>
   <orbital identity="18" a="1" b="0" c="1">
     <primitive identity="a" exponent="0.450000000" coefficient="1.00000000"/>
   </orbital>
   <orbital identity="19" a="0" b="1" c="1">
     <primitive identity="a" exponent="0.450000000" coefficient="1.00000000"/>
   </orbital>
 </atom>

 <atom identity="Phosphorus" symbol="P" atomicNumber="15">
   <orbital identity="1" a="0" b="0" c="0">
     <primitive identity="a" exponent="1054.90000" coefficient="0.655410000E-01"/>
     <primitive identity="b" exponent="159.195000" coefficient="0.384036000"/>
     <primitive identity="c" exponent="34.5304000" coefficient="0.674541000"/>
   </orbital>
   <orbital identity="2" a="0" b="0" c="0">
     <primitive identity="a" exponent="44.2866000" coefficient="-0.102130000"/>
     <primitive identity="b" exponent="10.1019000" coefficient="0.815920000E-01"/>
     <primitive identity="b" exponent="2.73997000" coefficient="0.969788000"/>
   </orbital>
   <orbital identity="3" a="1" b="0" c="0">
     <primitive identity="a" exponent="44.2866000" coefficient="0.110851000"/>
     <primitive identity="b" exponent="10.1019000" coefficient="0.456495000"/>
     <primitive identity="b" exponent="2.73997000" coefficient="0.606936000"/>
   </orbital>
   <orbital identity="4" a="0" b="1" c="0">
     <primitive identity="a" exponent="44.2866000" coefficient="0.110851000"/>
     <primitive identity="b" exponent="10.1019000" coefficient="0.456495000"/>
     <primitive identity="b" exponent="2.73997000" coefficient="0.606936000"/>
   </orbital>
   <orbital identity="5" a="0" b="0" c="1">
     <primitive identity="a" exponent="44.2866000" coefficient="0.110851000"/>
     <primitive identity="b" exponent="10.1019000" coefficient="0.456495000"/>
     <primitive identity="b" exponent="2.73997000" coefficient="0.606936000"/>
   </orbital>
   <orbital identity="6" a="0" b="0" c="0">
     <primitive identity="a" exponent="1.21865000" coefficient="-0.371495000"/>
     <primitive identity="b" exponent="0.395546000" coefficient="1.27099000"/>
   </orbital>
   <orbital identity="7" a="1" b="0" c="0">
     <primitive identity="a" exponent="1.21865000" coefficient="0.915820000E-01"/>
     <primitive identity="b" exponent="0.395546000" coefficient="0.934924000"/>
   </orbital>
   <orbital identity="8" a="0" b="1" c="0">
     <primitive identity="a" exponent="1.21865000" coefficient="0.915820000E-01"/>
     <primitive identity="b" exponent="0.395546000" coefficient="0.934924000"/>
   </orbital>
   <orbital identity="9" a="0" b="0" c="1">
     <primitive identity="a" exponent="1.21865000" coefficient="0.915820000E-01"/>
     <primitive identity="b" exponent="0.395546000" coefficient="0.934924000"/>
   </orbital>
   <orbital identity="10" a="0" b="0" c="0">
     <primitive identity="a" exponent="0.122811000" coefficient="1.00000000"/>
   </orbital>
   <orbital identity="11" a="1" b="0" c="0">
     <primitive identity="a" exponent="0.122811000" coefficient="1.00000000"/>
   </orbital>
   <orbital identity="12" a="0" b="1" c="0">
     <primitive identity="a" exponent="0.122811000" coefficient="1.00000000"/>
   </orbital>
   <orbital identity="13" a="0" b="0" c="1">
     <primitive identity="a" exponent="0.122811000" coefficient="1.00000000"/>
   </orbital>
   <orbital identity="14" a="2" b="0" c="0">
     <primitive identity="a" exponent="0.550000000" coefficient="1.00000000"/>
   </orbital>
   <orbital identity="15" a="0" b="2" c="0">
     <primitive identity="a" exponent="0.550000000" coefficient="1.00000000"/>
   </orbital>
   <orbital identity="16" a="0" b="0" c="2">
     <primitive identity="a" exponent="0.550000000" coefficient="1.00000000"/>
   </orbital>
   <orbital identity="17" a="1" b="1" c="0">
     <primitive identity="a" exponent="0.550000000" coefficient="1.00000000"/>
   </orbital>
   <orbital identity="18" a="1" b="0" c="1">
     <primitive identity="a" exponent="0.550000000" coefficient="1.00000000"/>
   </orbital>
   <orbital identity="19" a="0" b="1" c="1">
     <primitive identity="a" exponent="0.550000000" coefficient="1.00000000"/>
   </orbital>
 </atom>

 <atom identity="Sulfur" symbol="S" atomicNumber="16">
   <orbital identity="1" a="0" b="0" c="0">
     <primitive identity="a" exponent="1210.62000" coefficient="0.650070000E-01"/>
     <primitive identity="b" exponent="182.747000" coefficient="0.382040000"/>
     <primitive identity="c" exponent="39.6673000" coefficient="0.676545000"/>
   </orbital>
   <orbital identity="2" a="0" b="0" c="0">
     <primitive identity="a" exponent="52.2236000" coefficient="-0.100310000"/>
     <primitive identity="b" exponent="11.9629000" coefficient="0.650880000E-01"/>
     <primitive identity="b" exponent="3.28911000" coefficient="0.981455000"/>
   </orbital>
   <orbital identity="3" a="1" b="0" c="0">
     <primitive identity="a" exponent="52.2236000" coefficient="0.109646000"/>
     <primitive identity="b" exponent="11.9629000" coefficient="0.457649000"/>
     <primitive identity="b" exponent="3.28911000" coefficient="0.604261000"/>
   </orbital>
   <orbital identity="4" a="0" b="1" c="0">
     <primitive identity="a" exponent="52.2236000" coefficient="0.109646000"/>
     <primitive identity="b" exponent="11.9629000" coefficient="0.457649000"/>
     <primitive identity="b" exponent="3.28911000" coefficient="0.604261000"/>
   </orbital>
   <orbital identity="5" a="0" b="0" c="1">
     <primitive identity="a" exponent="52.2236000" coefficient="0.109646000"/>
     <primitive identity="b" exponent="11.9629000" coefficient="0.457649000"/>
     <primitive identity="b" exponent="3.28911000" coefficient="0.604261000"/>
   </orbital>
   <orbital identity="6" a="0" b="0" c="0">
     <primitive identity="a" exponent="1.22384000" coefficient="-0.286089000"/>
     <primitive identity="b" exponent="0.457303000" coefficient="1.22806000"/>
   </orbital>
   <orbital identity="7" a="1" b="0" c="0">
     <primitive identity="a" exponent="1.22384000" coefficient="0.164777000"/>
     <primitive identity="b" exponent="0.457303000" coefficient="0.870855000"/>
   </orbital>
   <orbital identity="8" a="0" b="1" c="0">
     <primitive identity="a" exponent="1.22384000" coefficient="0.164777000"/>
     <primitive identity="b" exponent="0.457303000" coefficient="0.870855000"/>
   </orbital>
   <orbital identity="9" a="0" b="0" c="1">
     <primitive identity="a" exponent="1.22384000" coefficient="0.164777000"/>
     <primitive identity="b" exponent="0.457303000" coefficient="0.870855000"/>
   </orbital>
   <orbital identity="10" a="0" b="0" c="0">
     <primitive identity="a" exponent="0.142269000" coefficient="1.00000000"/>
   </orbital>
   <orbital identity="11" a="1" b="0" c="0">
     <primitive identity="a" exponent="0.142269000" coefficient="1.00000000"/>
   </orbital>
   <orbital identity="12" a="0" b="1" c="0">
     <primitive identity="a" exponent="0.142269000" coefficient="1.00000000"/>
   </orbital>
   <orbital identity="13" a="0" b="0" c="1">
     <primitive identity="a" exponent="0.142269000" coefficient="1.00000000"/>
   </orbital>
   <orbital identity="14" a="2" b="0" c="0">
     <primitive identity="a" exponent="0.650000000" coefficient="1.00000000"/>
   </orbital>
   <orbital identity="15" a="0" b="2" c="0">
     <primitive identity="a" exponent="0.650000000" coefficient="1.00000000"/>
   </orbital>
   <orbital identity="16" a="0" b="0" c="2">
     <primitive identity="a" exponent="0.650000000" coefficient="1.00000000"/>
   </orbital>
   <orbital identity="17" a="1" b="1" c="0">
     <primitive identity="a" exponent="0.650000000" coefficient="1.00000000"/>
   </orbital>
   <orbital identity="18" a="1" b="0" c="1">
     <primitive identity="a" exponent="0.650000000" coefficient="1.00000000"/>
   </orbital>
   <orbital identity="19" a="0" b="1" c="1">
     <primitive identity="a" exponent="0.650000000" coefficient="1.00000000"/>
   </orbital>
 </atom>

 <atom identity="Chlorine" symbol="Cl" atomicNumber="17">
   <orbital identity="1" a="0" b="0" c="0">
     <primitive identity="a" exponent="1376.40000" coefficient="0.645827000E-01"/>
     <primitive identity="b" exponent="207.857000" coefficient="0.380363000"/>
     <primitive identity="c" exponent="45.1554000" coefficient="0.678190000"/>
   </orbital>
   <orbital identity="2" a="0" b="0" c="0">
     <primitive identity="a" exponent="60.8014000" coefficient="-0.987639000E-01"/>
     <primitive identity="b" exponent="13.9765000" coefficient="0.511338000E-01"/>
     <primitive identity="b" exponent="3.88710000" coefficient="0.991337000"/>
   </orbital>
   <orbital identity="3" a="1" b="0" c="0">
     <primitive identity="a" exponent="60.8014000" coefficient="0.108598000"/>
     <primitive identity="b" exponent="13.9765000" coefficient="0.458682000"/>
     <primitive identity="b" exponent="3.88710000" coefficient="0.601962000"/>
   </orbital>
   <orbital identity="4" a="0" b="1" c="0">
     <primitive identity="a" exponent="60.8014000" coefficient="0.108598000"/>
     <primitive identity="b" exponent="13.9765000" coefficient="0.458682000"/>
     <primitive identity="b" exponent="3.88710000" coefficient="0.601962000"/>
   </orbital>
   <orbital identity="5" a="0" b="0" c="1">
     <primitive identity="a" exponent="60.8014000" coefficient="0.108598000"/>
     <primitive identity="b" exponent="13.9765000" coefficient="0.458682000"/>
     <primitive identity="b" exponent="3.88710000" coefficient="0.601962000"/>
   </orbital>
   <orbital identity="6" a="0" b="0" c="0">
     <primitive identity="a" exponent="1.35299000" coefficient="-0.222401000"/>
     <primitive identity="b" exponent="0.526955000" coefficient="1.18252000"/>
   </orbital>
   <orbital identity="7" a="1" b="0" c="0">
     <primitive identity="a" exponent="1.35299000" coefficient="0.219216000"/>
     <primitive identity="b" exponent="0.526955000" coefficient="0.822321000"/>
   </orbital>
   <orbital identity="8" a="0" b="1" c="0">
     <primitive identity="a" exponent="1.35299000" coefficient="0.219216000"/>
     <primitive identity="b" exponent="0.526955000" coefficient="0.822321000"/>
   </orbital>
   <orbital identity="9" a="0" b="0" c="1">
     <primitive identity="a" exponent="1.35299000" coefficient="0.219216000"/>
     <primitive identity="b" exponent="0.526955000" coefficient="0.822321000"/>
   </orbital>
   <orbital identity="10" a="0" b="0" c="0">
     <primitive identity="a" exponent="0.166714000" coefficient="1.00000000"/>
   </orbital>
   <orbital identity="11" a="1" b="0" c="0">
     <primitive identity="a" exponent="0.166714000" coefficient="1.00000000"/>
   </orbital>
   <orbital identity="12" a="0" b="1" c="0">
     <primitive identity="a" exponent="0.166714000" coefficient="1.00000000"/>
   </orbital>
   <orbital identity="13" a="0" b="0" c="1">
     <primitive identity="a" exponent="0.166714000" coefficient="1.00000000"/>
   </orbital>
   <orbital identity="14" a="2" b="0" c="0">
     <primitive identity="a" exponent="0.750000000" coefficient="1.00000000"/>
   </orbital>
   <orbital identity="15" a="0" b="2" c="0">
     <primitive identity="a" exponent="0.750000000" coefficient="1.00000000"/>
   </orbital>
   <orbital identity="16" a="0" b="0" c="2">
     <primitive identity="a" exponent="0.750000000" coefficient="1.00000000"/>
   </orbital>
   <orbital identity="17" a="1" b="1" c="0">
     <primitive identity="a" exponent="0.750000000" coefficient="1.00000000"/>
   </orbital>
   <orbital identity="18" a="1" b="0" c="1">
     <primitive identity="a" exponent="0.750000000" coefficient="1.00000000"/>
   </orbital>
   <orbital identity="19" a="0" b="1" c="1">
     <primitive identity="a" exponent="0.750000000" coefficient="1.00000000"/>
   </orbital>
 </atom>

 <atom identity="Argon" symbol="Ar" atomicNumber="18">
   <orbital identity="1" a="0" b="0" c="0">
     <primitive identity="a" exponent="1553.71000" coefficient="0.641707000E-01"/>
     <primitive identity="b" exponent="234.678000" coefficient="0.378797000"/>
     <primitive identity="c" exponent="51.0121000" coefficient="0.679752000"/>
   </orbital>
   <orbital identity="2" a="0" b="0" c="0">
     <primitive identity="a" exponent="70.0453000" coefficient="-0.974661000E-01"/>
     <primitive identity="b" exponent="16.1473000" coefficient="0.390569000E-01"/>
     <primitive identity="b" exponent="4.53492000" coefficient="0.999916000"/>
   </orbital>
   <orbital identity="3" a="1" b="0" c="0">
     <primitive identity="a" exponent="70.0453000" coefficient="0.107619000"/>
     <primitive identity="b" exponent="16.1473000" coefficient="0.459576000"/>
     <primitive identity="b" exponent="4.53492000" coefficient="0.600041000"/>
   </orbital>
   <orbital identity="4" a="0" b="1" c="0">
     <primitive identity="a" exponent="70.0453000" coefficient="0.107619000"/>
     <primitive identity="b" exponent="16.1473000" coefficient="0.459576000"/>
     <primitive identity="b" exponent="4.53492000" coefficient="0.600041000"/>
   </orbital>
   <orbital identity="5" a="0" b="0" c="1">
     <primitive identity="a" exponent="70.0453000" coefficient="0.107619000"/>
     <primitive identity="b" exponent="16.1473000" coefficient="0.459576000"/>
     <primitive identity="b" exponent="4.53492000" coefficient="0.600041000"/>
   </orbital>
   <orbital identity="6" a="0" b="0" c="0">
     <primitive identity="a" exponent="1.54209000" coefficient="-0.176866000"/>
     <primitive identity="b" exponent="0.607267000" coefficient="1.14690000"/>
   </orbital>
   <orbital identity="7" a="1" b="0" c="0">
     <primitive identity="a" exponent="1.54209000" coefficient="0.255687000"/>
     <primitive identity="b" exponent="0.607267000" coefficient="0.789842000"/>
   </orbital>
   <orbital identity="8" a="0" b="1" c="0">
     <primitive identity="a" exponent="1.54209000" coefficient="0.255687000"/>
     <primitive identity="b" exponent="0.607267000" coefficient="0.789842000"/>
   </orbital>
   <orbital identity="9" a="0" b="0" c="1">
     <primitive identity="a" exponent="1.54209000" coefficient="0.255687000"/>
     <primitive identity="b" exponent="0.607267000" coefficient="0.789842000"/>
   </orbital>
   <orbital identity="10" a="0" b="0" c="0">
     <primitive identity="a" exponent="0.195373000" coefficient="1.00000000"/>
   </orbital>
   <orbital identity="11" a="1" b="0" c="0">
     <primitive identity="a" exponent="0.195373000" coefficient="1.00000000"/>
   </orbital>
   <orbital identity="12" a="0" b="1" c="0">
     <primitive identity="a" exponent="0.195373000" coefficient="1.00000000"/>
   </orbital>
   <orbital identity="13" a="0" b="0" c="1">
     <primitive identity="a" exponent="0.195373000" coefficient="1.00000000"/>
   </orbital>
   <orbital identity="14" a="2" b="0" c="0">
     <primitive identity="a" exponent="0.850000000" coefficient="1.00000000"/>
   </orbital>
   <orbital identity="15" a="0" b="2" c="0">
     <primitive identity="a" exponent="0.850000000" coefficient="1.00000000"/>
   </orbital>
   <orbital identity="16" a="0" b="0" c="2">
     <primitive identity="a" exponent="0.850000000" coefficient="1.00000000"/>
   </orbital>
   <orbital identity="17" a="1" b="1" c="0">
     <primitive identity="a" exponent="0.850000000" coefficient="1.00000000"/>
   </orbital>
   <orbital identity="18" a="1" b="0" c="1">
     <primitive identity="a" exponent="0.850000000" coefficient="1.00000000"/>
   </orbital>
   <orbital identity="19" a="0" b="1" c="1">
     <primitive identity="a" exponent="0.850000000" coefficient="1.00000000"/>
   </orbital>
 </atom>
</basisset>
