<?xml version="1.0" ?>
<stdLib>
  <group identity="aminoAcidsCT94">
    <fragment identity="ALANINE COO- ANION" symbol="ALA" character="A" type="e">
      <atom atmCharge="-0.3821" bond12="-1" bond13="-2" bond14="-3" bondAngle="116.6" bondLength="1.335" bondTorsion="180.0" chain="M" identity=" N  " index="1" type="N"/>
      <atom atmCharge="0.2681" bond12="1" bond13="-1" bond14="-2" bondAngle="119.8" bondLength="1.01" bondTorsion="0.0" chain="E" identity=" H  " index="2" type="H" />
      <atom atmCharge="-0.1747" bond12="1" bond13="-1" bond14="-2" bondAngle="121.9" bondLength="1.449" bondTorsion="180.0" chain="M" identity=" CA " index="3" type="CT" />
      <atom atmCharge="0.1067" bond12="3" bond13="1" bond14="-1" bondAngle="109.5" bondLength="1.09" bondTorsion="300.0" chain="E" identity=" HA " index="4" type="H1" />
      <atom atmCharge="-0.2093" bond12="3" bond13="1" bond14="-1" bondAngle="111.1" bondLength="1.525" bondTorsion="60.0" chain="3" identity=" CB " index="5" type="CT" />
      <atom atmCharge="0.0764" bond12="5" bond13="3" bond14="1" bondAngle="109.5" bondLength="1.09" bondTorsion="60.0" chain="E" identity=" HB1" index="6" type="HC" />
      <atom atmCharge="0.0764" bond12="5" bond13="3" bond14="1" bondAngle="109.5" bondLength="1.09" bondTorsion="180.0" chain="E" identity=" HB2" index="7" type="HC" />
      <atom atmCharge="0.0764" bond12="5" bond13="3" bond14="1" bondAngle="109.5" bondLength="1.09" bondTorsion="300.0" chain="E" identity=" HB3" index="8" type="HC" />
      <atom atmCharge="0.7731" bond12="3" bond13="1" bond14="-1" bondAngle="111.1" bondLength="1.522" bondTorsion="180.0" chain="M" identity=" C  " index="9" type="C" />
      <atom atmCharge="-0.8055" bond12="9" bond13="3" bond14="1" bondAngle="120.5" bondLength="1.229" bondTorsion="0.0" chain="E" identity=" O  " index="10" type="O2" />
      <atom atmCharge="-0.8055" bond12="9" bond13="3" bond14="1" bondAngle="120.5" bondLength="1.229" bondTorsion="180.0" chain="E" identity=" OXT" index="11" type="O2" />
      <alias alias="N   " original=" N  "/>
      <alias alias="2HB " original=" HB2"/>
      <alias alias="HN  " original=" H  "/>
      <alias alias=" HN " original=" H  "/>
      <alias alias="3HB " original=" HB3"/>
      <alias alias="1HB " original=" HB1"/>
      <alias alias="1H  " original=" H  "/>
      <alias alias="O1  " original=" O  "/>
      <improper Atom1="-1" Atom2="3" Atom3="1" Atom4="2"/>
      <improper Atom1="3" Atom2="11" Atom3="9" Atom4="10"/>
    </fragment>
    <fragment identity="GLYCINE COO- ANION" symbol="GLY" character="G" type="e">
      <atom atmCharge="-0.3821" bond12="-1" bond13="-2" bond14="-3" bondAngle="116.6" bondLength="1.335" bondTorsion="180.0" chain="M" identity=" N  " index="1" type="N"/>
      <atom atmCharge="0.2681" bond12="1" bond13="-1" bond14="-2" bondAngle="119.8" bondLength="1.01" bondTorsion="0.0" chain="E" identity=" H  " index="2" type="H"/>
      <atom atmCharge="-0.2493" bond12="1" bond13="-1" bond14="-2" bondAngle="121.9" bondLength="1.449" bondTorsion="180.0" chain="M" identity=" CA " index="3" type="CT"/>
      <atom atmCharge="0.1056" bond12="3" bond13="1" bond14="-1" bondAngle="109.5" bondLength="1.09" bondTorsion="300.0" chain="E" identity=" HA2" index="4" type="H1"/>
      <atom atmCharge="0.1056" bond12="3" bond13="1" bond14="-1" bondAngle="109.5" bondLength="1.09" bondTorsion="60.0" chain="E" identity=" HA3" index="5" type="H1"/>
      <atom atmCharge="0.7231" bond12="3" bond13="1" bond14="-1" bondAngle="110.4" bondLength="1.522" bondTorsion="180.0" chain="M" identity=" C  " index="6" type="C"/>
      <atom atmCharge="-0.7855" bond12="6" bond13="3" bond14="1" bondAngle="120.5" bondLength="1.229" bondTorsion="0.0" chain="E" identity=" O  " index="7" type="O2"/>
      <atom atmCharge="-0.7855" bond12="6" bond13="3" bond14="1" bondAngle="120.5" bondLength="1.229" bondTorsion="180.0" chain="E" identity=" OXT" index="8" type="O2"/>
      <alias alias="HA  " original=" HA "/>
      <alias alias=" HN " original=" H  "/>
      <alias alias="N   " original=" N  "/>
      <alias alias="3HA " original=" HA3"/>
      <alias alias="O1  " original=" O  "/>
      <alias alias="2HA " original=" HA2"/>
      <improper Atom1="-1" Atom2="3" Atom3="1" Atom4="2"/>
      <improper Atom1="3" Atom2="8" Atom3="6" Atom4="7"/>
    </fragment>
    <fragment identity="SERINE COO- ANION" symbol="SER" character="S" type="e">
      <atom atmCharge="-0.3821" bond12="-1" bond13="-2" bond14="-3" bondAngle="116.6" bondLength="1.335" bondTorsion="180.0" chain="M" identity=" N  " index="1" type="N"/>
      <atom atmCharge="0.2681" bond12="1" bond13="-1" bond14="-2" bondAngle="119.8" bondLength="1.01" bondTorsion="0.0" chain="E" identity=" H  " index="2" type="H"/>
      <atom atmCharge="-0.2722" bond12="1" bond13="-1" bond14="-2" bondAngle="121.9" bondLength="1.449" bondTorsion="180.0" chain="M" identity=" CA " index="3" type="CT"/>
      <atom atmCharge="0.1304" bond12="3" bond13="1" bond14="-1" bondAngle="109.5" bondLength="1.09" bondTorsion="300.0" chain="E" identity=" HA " index="4" type="H1"/>
      <atom atmCharge="0.1123" bond12="3" bond13="1" bond14="-1" bondAngle="111.1" bondLength="1.525" bondTorsion="60.0" chain="3" identity=" CB " index="5" type="CT"/>
      <atom atmCharge="0.0813" bond12="5" bond13="3" bond14="1" bondAngle="109.5" bondLength="1.09" bondTorsion="300.0" chain="E" identity=" HB2" index="6" type="H1"/>
      <atom atmCharge="0.0813" bond12="5" bond13="3" bond14="1" bondAngle="109.5" bondLength="1.09" bondTorsion="60.0" chain="E" identity=" HB3" index="7" type="H1"/>
      <atom atmCharge="-0.6514" bond12="5" bond13="3" bond14="1" bondAngle="109.47" bondLength="1.43" bondTorsion="180.0" chain="S" identity=" OG " index="8" type="OH"/>
      <atom atmCharge="0.4474" bond12="8" bond13="5" bond14="3" bondAngle="109.47" bondLength="0.96" bondTorsion="180.0" chain="E" identity=" HG " index="9" type="HO"/>
      <atom atmCharge="0.8113" bond12="3" bond13="1" bond14="-1" bondAngle="111.1" bondLength="1.522" bondTorsion="180.0" chain="M" identity=" C  " index="10" type="C"/>
      <atom atmCharge="-0.8132" bond12="10" bond13="3" bond14="1" bondAngle="120.5" bondLength="1.229" bondTorsion="0.0" chain="E" identity=" O  " index="11" type="O2"/>
      <atom atmCharge="-0.8132" bond12="10" bond13="3" bond14="1" bondAngle="120.5" bondLength="1.229" bondTorsion="180.0" chain="E" identity=" OXT" index="12" type="O2"/>
      <alias alias="N   " original=" N  "/>
      <alias alias="2HB " original=" HB2"/>
      <alias alias="HN  " original=" H  "/>
      <alias alias=" HN " original=" H  "/>
      <alias alias="HA  " original=" HA "/>
      <alias alias="O1  " original=" O  "/>
      <alias alias="3HB " original=" HB3"/>
      <improper Atom1="-1" Atom2="3" Atom3="1" Atom4="2"/>
      <improper Atom1="3" Atom2="12" Atom3="10" Atom4="11"/>
    </fragment>
    <fragment identity="THREONINE COO- ANION" symbol="THR" character="T" type="e">
      <atom atmCharge="-0.3821" bond12="-1" bond13="-2" bond14="-3" bondAngle="116.6" bondLength="1.335" bondTorsion="180.0" chain="M" identity=" N  " index="1" type="N"/>
      <atom atmCharge="0.2681" bond12="1" bond13="-1" bond14="-2" bondAngle="119.8" bondLength="1.01" bondTorsion="0.0" chain="E" identity=" H  " index="2" type="H"/>
      <atom atmCharge="-0.242" bond12="1" bond13="-1" bond14="-2" bondAngle="121.9" bondLength="1.449" bondTorsion="180.0" chain="M" identity=" CA " index="3" type="CT"/>
      <atom atmCharge="0.1207" bond12="3" bond13="1" bond14="-1" bondAngle="109.5" bondLength="1.09" bondTorsion="300.0" chain="E" identity=" HA " index="4" type="H1"/>
      <atom atmCharge="0.3025" bond12="3" bond13="1" bond14="-1" bondAngle="111.1" bondLength="1.525" bondTorsion="60.0" chain="3" identity=" CB " index="5" type="CT"/>
      <atom atmCharge="0.0078" bond12="5" bond13="3" bond14="1" bondAngle="109.5" bondLength="1.09" bondTorsion="180.0" chain="E" identity=" HB " index="6" type="H1"/>
      <atom atmCharge="-0.1853" bond12="5" bond13="3" bond14="1" bondAngle="109.47" bondLength="1.525" bondTorsion="300.0" chain="3" identity=" CG2" index="7" type="CT"/>
      <atom atmCharge="0.0586" bond12="7" bond13="5" bond14="3" bondAngle="109.5" bondLength="1.09" bondTorsion="60.0" chain="E" identity="HG21" index="8" type="HC"/>
      <atom atmCharge="0.0586" bond12="7" bond13="5" bond14="3" bondAngle="109.5" bondLength="1.09" bondTorsion="180.0" chain="E" identity="HG22" index="9" type="HC"/>
      <atom atmCharge="0.0586" bond12="7" bond13="5" bond14="3" bondAngle="109.5" bondLength="1.09" bondTorsion="300.0" chain="E" identity="HG23" index="10" type="HC"/>
      <atom atmCharge="-0.6496" bond12="5" bond13="3" bond14="1" bondAngle="109.47" bondLength="1.43" bondTorsion="60.0" chain="S" identity=" OG1" index="11" type="OH"/>
      <atom atmCharge="0.4119" bond12="11" bond13="5" bond14="3" bondAngle="109.47" bondLength="0.96" bondTorsion="180.0" chain="E" identity=" HG1" index="12" type="HO"/>
      <atom atmCharge="0.781" bond12="3" bond13="1" bond14="-1" bondAngle="111.1" bondLength="1.522" bondTorsion="180.0" chain="M" identity=" C  " index="13" type="C"/>
      <atom atmCharge="-0.8044" bond12="13" bond13="3" bond14="1" bondAngle="120.5" bondLength="1.229" bondTorsion="0.0" chain="E" identity=" O  " index="14" type="O2"/>
      <atom atmCharge="-0.8044" bond12="13" bond13="3" bond14="1" bondAngle="120.5" bondLength="1.229" bondTorsion="180.0" chain="E" identity=" OXT" index="15" type="O2"/>
      <alias alias="2HG2" original="HG22"/>
      <alias alias="HA " original=" HA "/>
      <alias alias="HA2 " original=" HA "/>
      <alias alias="3HG2" original="HG23"/>
      <alias alias="HN  " original=" H  "/>
      <alias alias=" HN " original=" H  "/>
      <alias alias="1HG " original=" HG1"/>
      <alias alias="N   " original=" N  "/>
      <alias alias="1HG2" original="HG21"/>
      <alias alias="O1  " original=" O  "/>
      <improper Atom1="-1" Atom2="3" Atom3="1" Atom4="2"/>
      <improper Atom1="3" Atom2="15" Atom3="13" Atom4="14"/>
    </fragment>
    <fragment identity="LEUCINE COO- ANION" symbol="LEU" character="L" type="e">
      <atom atmCharge="-0.3821" bond12="-1" bond13="-2" bond14="-3" bondAngle="116.6" bondLength="1.335" bondTorsion="180.0" chain="M" identity=" N  " index="1" type="N"/>
      <atom atmCharge="0.2681" bond12="1" bond13="-1" bond14="-2" bondAngle="119.8" bondLength="1.01" bondTorsion="0.0" chain="E" identity=" H  " index="2" type="H"/>
      <atom atmCharge="-0.2847" bond12="1" bond13="-1" bond14="-2" bondAngle="121.9" bondLength="1.449" bondTorsion="180.0" chain="M" identity=" CA " index="3" type="CT"/>
      <atom atmCharge="0.1346" bond12="3" bond13="1" bond14="-1" bondAngle="109.5" bondLength="1.09" bondTorsion="300.0" chain="E" identity=" HA " index="4" type="H1"/>
      <atom atmCharge="-0.2469" bond12="3" bond13="1" bond14="-1" bondAngle="111.1" bondLength="1.525" bondTorsion="60.0" chain="3" identity=" CB " index="5" type="CT"/>
      <atom atmCharge="0.0974" bond12="5" bond13="3" bond14="1" bondAngle="109.5" bondLength="1.09" bondTorsion="300.0" chain="E" identity=" HB2" index="6" type="HC"/>
      <atom atmCharge="0.0974" bond12="5" bond13="3" bond14="1" bondAngle="109.5" bondLength="1.09" bondTorsion="60.0" chain="E" identity=" HB3" index="7" type="HC"/>
      <atom atmCharge="0.3706" bond12="5" bond13="3" bond14="1" bondAngle="109.47" bondLength="1.525" bondTorsion="180.0" chain="3" identity=" CG " index="8" type="CT"/>
      <atom atmCharge="-0.0374" bond12="8" bond13="5" bond14="3" bondAngle="109.5" bondLength="1.09" bondTorsion="300.0" chain="E" identity=" HG " index="9" type="HC"/>
      <atom atmCharge="-0.4163" bond12="8" bond13="5" bond14="3" bondAngle="109.47" bondLength="1.525" bondTorsion="60.0" chain="3" identity=" CD1" index="10" type="CT"/>
      <atom atmCharge="0.1038" bond12="10" bond13="8" bond14="5" bondAngle="109.5" bondLength="1.09" bondTorsion="60.0" chain="E" identity="HD11" index="11" type="HC"/>
      <atom atmCharge="0.1038" bond12="10" bond13="8" bond14="5" bondAngle="109.5" bondLength="1.09" bondTorsion="180.0" chain="E" identity="HD12" index="12" type="HC"/>
      <atom atmCharge="0.1038" bond12="10" bond13="8" bond14="5" bondAngle="109.5" bondLength="1.09" bondTorsion="300.0" chain="E" identity="HD13" index="13" type="HC"/>
      <atom atmCharge="-0.4163" bond12="8" bond13="5" bond14="3" bondAngle="109.47" bondLength="1.525" bondTorsion="180.0" chain="3" identity=" CD2" index="14" type="CT"/>
      <atom atmCharge="0.1038" bond12="14" bond13="8" bond14="5" bondAngle="109.5" bondLength="1.09" bondTorsion="60.0" chain="E" identity="HD21" index="15" type="HC"/>
      <atom atmCharge="0.1038" bond12="14" bond13="8" bond14="5" bondAngle="109.5" bondLength="1.09" bondTorsion="180.0" chain="E" identity="HD22" index="16" type="HC"/>
      <atom atmCharge="0.1038" bond12="14" bond13="8" bond14="5" bondAngle="109.5" bondLength="1.09" bondTorsion="300.0" chain="E" identity="HD23" index="17" type="HC"/>
      <atom atmCharge="0.8326" bond12="3" bond13="1" bond14="-1" bondAngle="111.1" bondLength="1.522" bondTorsion="180.0" chain="M" identity=" C  " index="18" type="C"/>
      <atom atmCharge="-0.8199" bond12="18" bond13="3" bond14="1" bondAngle="120.5" bondLength="1.229" bondTorsion="0.0" chain="E" identity=" O  " index="19" type="O2"/>
      <atom atmCharge="-0.8199" bond12="18" bond13="3" bond14="1" bondAngle="120.5" bondLength="1.229" bondTorsion="180.0" chain="E" identity=" OXT" index="20" type="O2"/>
      <alias alias="HA  " original=" HA "/>
      <alias alias="HA2 " original=" HA "/>
      <alias alias="2HB " original=" HB2"/>
      <alias alias="HB1 " original=" HB3"/>
      <alias alias="1HB " original=" HB3"/>
      <alias alias="2HD2" original="HD22"/>
      <alias alias="1HD1" original="HD11"/>
      <alias alias="HN  " original=" H  "/>
      <alias alias=" HN " original=" H  "/>
      <alias alias="1HG " original=" HG "/>
      <alias alias="N   " original=" N  "/>
      <alias alias="2HD1" original="HD12"/>
      <alias alias="3HD1" original="HD13"/>
      <alias alias="3HD2" original="HD23"/>
      <alias alias="O1  " original=" O  "/>
      <alias alias="1HD2" original="HD21"/>
      <alias alias="3HB " original=" HB3"/>
      <improper Atom1="-1" Atom2="3" Atom3="1" Atom4="2"/>
      <improper Atom1="3" Atom2="20" Atom3="18" Atom4="19"/>
    </fragment>
    <fragment identity="ISOLEUCINE COO- ANION" symbol="ILE" character="I" type="e">
      <atom atmCharge="-0.3821" bond12="-1" bond13="-2" bond14="-3" bondAngle="116.6" bondLength="1.335" bondTorsion="180.0" chain="M" identity=" N  " index="1" type="N"/>
      <atom atmCharge="0.2681" bond12="1" bond13="-1" bond14="-2" bondAngle="119.8" bondLength="1.01" bondTorsion="0.0" chain="E" identity=" H  " index="2" type="H"/>
      <atom atmCharge="-0.31" bond12="1" bond13="-1" bond14="-2" bondAngle="121.9" bondLength="1.449" bondTorsion="180.0" chain="M" identity=" CA " index="3" type="CT"/>
      <atom atmCharge="0.1375" bond12="3" bond13="1" bond14="-1" bondAngle="109.5" bondLength="1.09" bondTorsion="300.0" chain="E" identity=" HA " index="4" type="H1"/>
      <atom atmCharge="0.0363" bond12="3" bond13="1" bond14="-1" bondAngle="109.47" bondLength="1.525" bondTorsion="60.0" chain="3" identity=" CB " index="5" type="CT"/>
      <atom atmCharge="0.0766" bond12="5" bond13="3" bond14="1" bondAngle="109.5" bondLength="1.09" bondTorsion="300.0" chain="E" identity=" HB " index="6" type="HC"/>
      <atom atmCharge="-0.3498" bond12="5" bond13="3" bond14="1" bondAngle="109.47" bondLength="1.525" bondTorsion="60.0" chain="3" identity=" CG2" index="7" type="CT"/>
      <atom atmCharge="0.1021" bond12="7" bond13="5" bond14="3" bondAngle="109.5" bondLength="1.09" bondTorsion="60.0" chain="E" identity="HG21" index="8" type="HC"/>
      <atom atmCharge="0.1021" bond12="7" bond13="5" bond14="3" bondAngle="109.5" bondLength="1.09" bondTorsion="180.0" chain="E" identity="HG22" index="9" type="HC"/>
      <atom atmCharge="0.1021" bond12="7" bond13="5" bond14="3" bondAngle="109.5" bondLength="1.09" bondTorsion="300.0" chain="E" identity="HG23" index="10" type="HC"/>
      <atom atmCharge="-0.0323" bond12="5" bond13="3" bond14="1" bondAngle="109.47" bondLength="1.525" bondTorsion="180.0" chain="3" identity=" CG1" index="11" type="CT"/>
      <atom atmCharge="0.0321" bond12="11" bond13="5" bond14="3" bondAngle="109.5" bondLength="1.09" bondTorsion="300.0" chain="E" identity="HG12" index="12" type="HC"/>
      <atom atmCharge="0.0321" bond12="11" bond13="5" bond14="3" bondAngle="109.5" bondLength="1.09" bondTorsion="60.0" chain="E" identity="HG13" index="13" type="HC"/>
      <atom atmCharge="-0.0699" bond12="11" bond13="5" bond14="3" bondAngle="109.47" bondLength="1.525" bondTorsion="180.0" chain="3" identity=" CD1" index="14" type="CT"/>
      <atom atmCharge="0.0196" bond12="14" bond13="11" bond14="5" bondAngle="109.5" bondLength="1.09" bondTorsion="60.0" chain="E" identity="HD11" index="15" type="HC"/>
      <atom atmCharge="0.0196" bond12="14" bond13="11" bond14="5" bondAngle="109.5" bondLength="1.09" bondTorsion="180.0" chain="E" identity="HD12" index="16" type="HC"/>
      <atom atmCharge="0.0196" bond12="14" bond13="11" bond14="5" bondAngle="109.5" bondLength="1.09" bondTorsion="300.0" chain="E" identity="HD13" index="17" type="HC"/>
      <atom atmCharge="0.8343" bond12="3" bond13="1" bond14="-1" bondAngle="111.1" bondLength="1.522" bondTorsion="180.0" chain="M" identity=" C  " index="18" type="C"/>
      <atom atmCharge="-0.819" bond12="18" bond13="3" bond14="1" bondAngle="120.5" bondLength="1.229" bondTorsion="0.0" chain="E" identity=" O  " index="19" type="O2"/>
      <atom atmCharge="-0.819" bond12="18" bond13="3" bond14="1" bondAngle="120.5" bondLength="1.229" bondTorsion="180.0" chain="E" identity=" OXT" index="20" type="O2"/>
      <alias alias="2HG2" original="HG22"/>
      <alias alias="HA  " original=" HA "/>
      <alias alias=" HD3" original="HD13"/>
      <alias alias="HA2 " original=" HA "/>
      <alias alias=" HD1" original="HD11"/>
      <alias alias="3HG1" original="HG13"/>
      <alias alias="3HG2" original="HG23"/>
      <alias alias="HN  " original=" H  "/>
      <alias alias=" HN " original=" H  "/>
      <alias alias="2HG1" original="HG12"/>
      <alias alias="HD1 " original="HD11"/>
      <alias alias="2HD1" original="HD12"/>
      <alias alias="3HD1" original="HD13"/>
      <alias alias="HG11" original="HG13"/>
      <alias alias=" HD2" original="HD12"/>
      <alias alias="1HG2" original="HG21"/>
      <alias alias="N   " original=" N  "/>
      <alias alias="HB  " original=" HB "/>
      <alias alias="1HG1" original="HG13"/>
      <alias alias="HD3 " original="HD13"/>
      <alias alias="HD2 " original="HD12"/>
      <alias alias="1HD1" original="HD11"/>
      <improper Atom1="-1" Atom2="3" Atom3="1" Atom4="2"/>
      <improper Atom1="3" Atom2="20" Atom3="18" Atom4="19"/>
    </fragment>
    <fragment identity="VALINE COO- ANION" symbol="VAL" character="V" type="e">
      <atom atmCharge="-0.3821" bond12="-1" bond13="-2" bond14="-3" bondAngle="116.6" bondLength="1.335" bondTorsion="180.0" chain="M" identity=" N  " index="1" type="N"/>
      <atom atmCharge="0.2681" bond12="1" bond13="-1" bond14="-2" bondAngle="119.8" bondLength="1.01" bondTorsion="0.0" chain="E" identity=" H  " index="2" type="H"/>
      <atom atmCharge="-0.3438" bond12="1" bond13="-1" bond14="-2" bondAngle="121.9" bondLength="1.449" bondTorsion="180.0" chain="M" identity=" CA " index="3" type="CT"/>
      <atom atmCharge="0.1438" bond12="3" bond13="1" bond14="-1" bondAngle="109.5" bondLength="1.09" bondTorsion="300.0" chain="E" identity=" HA " index="4" type="H1"/>
      <atom atmCharge="0.194" bond12="3" bond13="1" bond14="-1" bondAngle="111.1" bondLength="1.525" bondTorsion="60.0" chain="3" identity=" CB " index="5" type="CT"/>
      <atom atmCharge="0.0308" bond12="5" bond13="3" bond14="1" bondAngle="109.5" bondLength="1.09" bondTorsion="300.0" chain="E" identity=" HB " index="6" type="HC"/>
      <atom atmCharge="-0.3064" bond12="5" bond13="3" bond14="1" bondAngle="109.47" bondLength="1.525" bondTorsion="60.0" chain="3" identity=" CG1" index="7" type="CT"/>
      <atom atmCharge="0.0836" bond12="7" bond13="5" bond14="3" bondAngle="109.5" bondLength="1.09" bondTorsion="60.0" chain="E" identity="HG11" index="8" type="HC"/>
      <atom atmCharge="0.0836" bond12="7" bond13="5" bond14="3" bondAngle="109.5" bondLength="1.09" bondTorsion="180.0" chain="E" identity="HG12" index="9" type="HC"/>
      <atom atmCharge="0.0836" bond12="7" bond13="5" bond14="3" bondAngle="109.5" bondLength="1.09" bondTorsion="300.0" chain="E" identity="HG13" index="10" type="HC"/>
      <atom atmCharge="-0.3064" bond12="5" bond13="3" bond14="1" bondAngle="109.47" bondLength="1.525" bondTorsion="180.0" chain="3" identity=" CG2" index="11" type="CT"/>
      <atom atmCharge="0.0836" bond12="11" bond13="5" bond14="3" bondAngle="109.5" bondLength="1.09" bondTorsion="60.0" chain="E" identity="HG21" index="12" type="HC"/>
      <atom atmCharge="0.0836" bond12="11" bond13="5" bond14="3" bondAngle="109.5" bondLength="1.09" bondTorsion="180.0" chain="E" identity="HG22" index="13" type="HC"/>
      <atom atmCharge="0.0836" bond12="11" bond13="5" bond14="3" bondAngle="109.5" bondLength="1.09" bondTorsion="300.0" chain="E" identity="HG23" index="14" type="HC"/>
      <atom atmCharge="0.835" bond12="3" bond13="1" bond14="-1" bondAngle="111.1" bondLength="1.522" bondTorsion="180.0" chain="M" identity=" C  " index="15" type="C"/>
      <atom atmCharge="-0.8173" bond12="15" bond13="3" bond14="1" bondAngle="120.5" bondLength="1.229" bondTorsion="0.0" chain="E" identity=" O  " index="16" type="O2"/>
      <atom atmCharge="-0.8173" bond12="15" bond13="3" bond14="1" bondAngle="120.5" bondLength="1.229" bondTorsion="180.0" chain="E" identity=" OXT" index="17" type="O2"/>
      <alias alias="2HG2" original="HG22"/>
      <alias alias="2HG1" original="HG12"/>
      <alias alias="HA2 " original=" HA "/>
      <alias alias="3HG1" original="HG13"/>
      <alias alias="3HG2" original="HG23"/>
      <alias alias="HN  " original=" H  "/>
      <alias alias=" HN " original=" H  "/>
      <alias alias="N   " original=" N  "/>
      <alias alias="1HG2" original="HG21"/>
      <alias alias="1HG1" original="HG11"/>
      <alias alias="O1  " original=" O  "/>
      <improper Atom1="-1" Atom2="3" Atom3="1" Atom4="2"/>
      <improper Atom1="3" Atom2="17" Atom3="15" Atom4="16"/>
    </fragment>
    <fragment identity="ASPARAGINE COO- ANION" symbol="ASN" character="N" type="e">
      <atom atmCharge="-0.3821" bond12="-1" bond13="-2" bond14="-3" bondAngle="116.6" bondLength="1.335" bondTorsion="180.0" chain="M" identity=" N  " index="1" type="N"/>
      <atom atmCharge="0.2681" bond12="1" bond13="-1" bond14="-2" bondAngle="119.8" bondLength="1.01" bondTorsion="0.0" chain="E" identity=" H  " index="2" type="H"/>
      <atom atmCharge="-0.208" bond12="1" bond13="-1" bond14="-2" bondAngle="121.9" bondLength="1.449" bondTorsion="180.0" chain="M" identity=" CA " index="3" type="CT"/>
      <atom atmCharge="0.1358" bond12="3" bond13="1" bond14="-1" bondAngle="109.5" bondLength="1.09" bondTorsion="300.0" chain="E" identity=" HA " index="4" type="H1"/>
      <atom atmCharge="-0.2299" bond12="3" bond13="1" bond14="-1" bondAngle="111.1" bondLength="1.525" bondTorsion="60.0" chain="3" identity=" CB " index="5" type="CT"/>
      <atom atmCharge="0.1023" bond12="5" bond13="3" bond14="1" bondAngle="109.5" bondLength="1.09" bondTorsion="300.0" chain="E" identity=" HB2" index="6" type="HC"/>
      <atom atmCharge="0.1023" bond12="5" bond13="3" bond14="1" bondAngle="109.5" bondLength="1.09" bondTorsion="60.0" chain="E" identity=" HB3" index="7" type="HC"/>
      <atom atmCharge="0.7153" bond12="5" bond13="3" bond14="1" bondAngle="111.1" bondLength="1.522" bondTorsion="180.0" chain="B" identity=" CG " index="8" type="C"/>
      <atom atmCharge="-0.601" bond12="8" bond13="5" bond14="3" bondAngle="120.5" bondLength="1.229" bondTorsion="0.0" chain="E" identity=" OD1" index="9" type="O"/>
      <atom atmCharge="-0.9084" bond12="8" bond13="5" bond14="3" bondAngle="116.6" bondLength="1.335" bondTorsion="180.0" chain="B" identity=" ND2" index="10" type="N"/>
      <atom atmCharge="0.415" bond12="10" bond13="8" bond14="5" bondAngle="119.8" bondLength="1.01" bondTorsion="180.0" chain="E" identity="HD21" index="11" type="H"/>
      <atom atmCharge="0.415" bond12="10" bond13="8" bond14="5" bondAngle="119.8" bondLength="1.01" bondTorsion="0.0" chain="E" identity="HD22" index="12" type="H"/>
      <atom atmCharge="0.805" bond12="3" bond13="1" bond14="-1" bondAngle="111.1" bondLength="1.522" bondTorsion="180.0" chain="M" identity=" C  " index="13" type="C"/>
      <atom atmCharge="-0.8147" bond12="13" bond13="3" bond14="1" bondAngle="120.5" bondLength="1.229" bondTorsion="0.0" chain="E" identity=" O  " index="14" type="O2"/>
      <atom atmCharge="-0.8147" bond12="13" bond13="3" bond14="1" bondAngle="120.5" bondLength="1.229" bondTorsion="180.0" chain="E" identity=" OXT" index="15" type="O2"/>
      <alias alias="H   " original=" H  "/>
      <alias alias="HA  " original=" HA "/>
      <alias alias="HA2 " original=" HA "/>
      <alias alias="2HB " original=" HB2"/>
      <alias alias="1HD2" original="HD21"/>
      <alias alias="HN  " original=" H  "/>
      <alias alias=" HN " original=" H  "/>
      <alias alias="2HD2" original="HD22"/>
      <alias alias="N   " original=" N  "/>
      <alias alias="O1  " original=" O  "/>
      <alias alias="OD1 " original=" OD1"/>
      <alias alias="HB1 " original=" HB3"/>
      <alias alias="1HB " original=" HB3"/>
      <alias alias="3HB " original=" HB3"/>
      <alias alias="O   " original=" O  "/>
      <improper Atom1="-1" Atom2="3" Atom3="1" Atom4="2"/>
      <improper Atom1="3" Atom2="15" Atom3="13" Atom4="14"/>
      <improper Atom1="5" Atom2="10" Atom3="8" Atom4="9"/>
    </fragment>
    <fragment identity="GLUTAMINE COO- ANION" symbol="GLN" character="Q" type="e">
      <atom atmCharge="-0.3821" bond12="-1" bond13="-2" bond14="-3" bondAngle="116.6" bondLength="1.335" bondTorsion="180.0" chain="M" identity=" N  " index="1" type="N"/>
      <atom atmCharge="0.2681" bond12="1" bond13="-1" bond14="-2" bondAngle="119.8" bondLength="1.01" bondTorsion="0.0" chain="E" identity=" H  " index="2" type="H"/>
      <atom atmCharge="-0.2248" bond12="1" bond13="-1" bond14="-2" bondAngle="121.9" bondLength="1.449" bondTorsion="180.0" chain="M" identity=" CA " index="3" type="CT"/>
      <atom atmCharge="0.1232" bond12="3" bond13="1" bond14="-1" bondAngle="109.5" bondLength="1.09" bondTorsion="300.0" chain="E" identity=" HA " index="4" type="H1"/>
      <atom atmCharge="-0.0664" bond12="3" bond13="1" bond14="-1" bondAngle="111.1" bondLength="1.525" bondTorsion="60.0" chain="3" identity=" CB " index="5" type="CT"/>
      <atom atmCharge="0.0452" bond12="5" bond13="3" bond14="1" bondAngle="109.5" bondLength="1.09" bondTorsion="300.0" chain="E" identity=" HB2" index="6" type="HC"/>
      <atom atmCharge="0.0452" bond12="5" bond13="3" bond14="1" bondAngle="109.5" bondLength="1.09" bondTorsion="60.0" chain="E" identity=" HB3" index="7" type="HC"/>
      <atom atmCharge="-0.021" bond12="5" bond13="3" bond14="1" bondAngle="109.47" bondLength="1.525" bondTorsion="180.0" chain="3" identity=" CG " index="8" type="CT"/>
      <atom atmCharge="0.0203" bond12="8" bond13="5" bond14="3" bondAngle="109.5" bondLength="1.09" bondTorsion="300.0" chain="E" identity=" HG2" index="9" type="HC"/>
      <atom atmCharge="0.0203" bond12="8" bond13="5" bond14="3" bondAngle="109.5" bondLength="1.09" bondTorsion="60.0" chain="E" identity=" HG3" index="10" type="HC"/>
      <atom atmCharge="0.7093" bond12="8" bond13="5" bond14="3" bondAngle="111.1" bondLength="1.522" bondTorsion="180.0" chain="B" identity=" CD " index="11" type="C"/>
      <atom atmCharge="-0.6098" bond12="11" bond13="8" bond14="5" bondAngle="120.5" bondLength="1.229" bondTorsion="0.0" chain="E" identity=" OE1" index="12" type="O"/>
      <atom atmCharge="-0.9574" bond12="11" bond13="8" bond14="5" bondAngle="116.6" bondLength="1.335" bondTorsion="180.0" chain="B" identity=" NE2" index="13" type="N"/>
      <atom atmCharge="0.4304" bond12="13" bond13="11" bond14="8" bondAngle="119.8" bondLength="1.01" bondTorsion="180.0" chain="E" identity="HE21" index="14" type="H"/>
      <atom atmCharge="0.4304" bond12="13" bond13="11" bond14="8" bondAngle="119.8" bondLength="1.01" bondTorsion="0.0" chain="E" identity="HE22" index="15" type="H"/>
      <atom atmCharge="0.7775" bond12="3" bond13="1" bond14="-1" bondAngle="111.1" bondLength="1.522" bondTorsion="180.0" chain="M" identity=" C  " index="16" type="C"/>
      <atom atmCharge="-0.8042" bond12="16" bond13="3" bond14="1" bondAngle="120.5" bondLength="1.229" bondTorsion="0.0" chain="E" identity=" O  " index="17" type="O2"/>
      <atom atmCharge="-0.8042" bond12="16" bond13="3" bond14="1" bondAngle="120.5" bondLength="1.229" bondTorsion="180.0" chain="E" identity=" OXT" index="18" type="O2"/>
      <alias alias="HA  " original=" HA "/>
      <alias alias="2HE2" original="HE22"/>
      <alias alias="HA2 " original=" HA "/>
      <alias alias="2HB " original=" HB2"/>
      <alias alias="1HE2" original="HE21"/>
      <alias alias="HN  " original=" H  "/>
      <alias alias=" HN " original=" H  "/>
      <alias alias="1HG " original=" HG3"/>
      <alias alias="N   " original=" N  "/>
      <alias alias="O1  " original=" O  "/>
      <alias alias="H   " original=" H  "/>
      <alias alias="3HG " original=" HG3"/>
      <alias alias="HB1 " original=" HB3"/>
      <alias alias="3HB " original=" HB3"/>
      <alias alias="1HB " original=" HB3"/>
      <alias alias="2HG " original=" HG2"/>
      <alias alias="HG1 " original=" HG3"/>
      <alias alias="O   " original=" O  "/>
      <improper Atom1="-1" Atom2="3" Atom3="1" Atom4="2"/>
      <improper Atom1="3" Atom2="18" Atom3="16" Atom4="17"/>
      <improper Atom1="8" Atom2="13" Atom3="11" Atom4="12"/>
    </fragment>
    <fragment identity="ARGININE COO- ANION" symbol="ARG" character="R" type="e">
      <atom atmCharge="-0.3481" bond12="-1" bond13="-2" bond14="-3" bondAngle="116.6" bondLength="1.335" bondTorsion="180.0" chain="M" identity=" N  " index="1" type="N"/>
      <atom atmCharge="0.2764" bond12="1" bond13="-1" bond14="-2" bondAngle="119.8" bondLength="1.01" bondTorsion="0.0" chain="E" identity=" H  " index="2" type="H"/>
      <atom atmCharge="-0.3068" bond12="1" bond13="-1" bond14="-2" bondAngle="121.9" bondLength="1.449" bondTorsion="180.0" chain="M" identity=" CA " index="3" type="CT"/>
      <atom atmCharge="0.1447" bond12="3" bond13="1" bond14="-1" bondAngle="109.5" bondLength="1.09" bondTorsion="300.0" chain="E" identity=" HA " index="4" type="H1"/>
      <atom atmCharge="-0.0374" bond12="3" bond13="1" bond14="-1" bondAngle="111.1" bondLength="1.525" bondTorsion="60.0" chain="3" identity=" CB " index="5" type="CT"/>
      <atom atmCharge="0.0371" bond12="5" bond13="3" bond14="1" bondAngle="109.5" bondLength="1.09" bondTorsion="300.0" chain="E" identity=" HB2" index="6" type="HC"/>
      <atom atmCharge="0.0371" bond12="5" bond13="3" bond14="1" bondAngle="109.5" bondLength="1.09" bondTorsion="60.0" chain="E" identity=" HB3" index="7" type="HC"/>
      <atom atmCharge="0.0744" bond12="5" bond13="3" bond14="1" bondAngle="109.47" bondLength="1.525" bondTorsion="180.0" chain="3" identity=" CG " index="8" type="CT"/>
      <atom atmCharge="0.0185" bond12="8" bond13="5" bond14="3" bondAngle="109.5" bondLength="1.09" bondTorsion="300.0" chain="E" identity=" HG2" index="9" type="HC"/>
      <atom atmCharge="0.0185" bond12="8" bond13="5" bond14="3" bondAngle="109.5" bondLength="1.09" bondTorsion="60.0" chain="E" identity=" HG3" index="10" type="HC"/>
      <atom atmCharge="0.1114" bond12="8" bond13="5" bond14="3" bondAngle="109.47" bondLength="1.525" bondTorsion="180.0" chain="3" identity=" CD " index="11" type="CT"/>
      <atom atmCharge="0.0468" bond12="11" bond13="8" bond14="5" bondAngle="109.5" bondLength="1.09" bondTorsion="300.0" chain="E" identity=" HD2" index="12" type="H1"/>
      <atom atmCharge="0.0468" bond12="11" bond13="8" bond14="5" bondAngle="109.5" bondLength="1.09" bondTorsion="60.0" chain="E" identity=" HD3" index="13" type="H1"/>
      <atom atmCharge="-0.5564" bond12="11" bond13="8" bond14="5" bondAngle="111.0" bondLength="1.48" bondTorsion="180.0" chain="B" identity=" NE " index="14" type="N2"/>
      <atom atmCharge="0.3479" bond12="14" bond13="11" bond14="8" bondAngle="118.5" bondLength="1.01" bondTorsion="0.0" chain="E" identity=" HE " index="15" type="H"/>
      <atom atmCharge="0.8368" bond12="14" bond13="11" bond14="8" bondAngle="123.0" bondLength="1.33" bondTorsion="180.0" chain="B" identity=" CZ " index="16" type="CA"/>
      <atom atmCharge="-0.8737" bond12="16" bond13="14" bond14="11" bondAngle="122.0" bondLength="1.33" bondTorsion="0.0" chain="B" identity=" NH1" index="17" type="N2"/>
      <atom atmCharge="0.4493" bond12="17" bond13="16" bond14="14" bondAngle="119.8" bondLength="1.01" bondTorsion="0.0" chain="E" identity="HH11" index="18" type="H"/>
      <atom atmCharge="0.4493" bond12="17" bond13="16" bond14="14" bondAngle="119.8" bondLength="1.01" bondTorsion="180.0" chain="E" identity="HH12" index="19" type="H"/>
      <atom atmCharge="-0.8737" bond12="16" bond13="14" bond14="11" bondAngle="118.0" bondLength="1.33" bondTorsion="180.0" chain="B" identity=" NH2" index="20" type="N2"/>
      <atom atmCharge="0.4493" bond12="20" bond13="16" bond14="14" bondAngle="119.8" bondLength="1.01" bondTorsion="0.0" chain="E" identity="HH21" index="21" type="H"/>
      <atom atmCharge="0.4493" bond12="20" bond13="16" bond14="14" bondAngle="119.8" bondLength="1.01" bondTorsion="180.0" chain="E" identity="HH22" index="22" type="H"/>
      <atom atmCharge="0.8557" bond12="3" bond13="1" bond14="-1" bondAngle="111.1" bondLength="1.522" bondTorsion="180.0" chain="M" identity=" C  " index="23" type="C"/>
      <atom atmCharge="-0.8266" bond12="23" bond13="3" bond14="1" bondAngle="120.5" bondLength="1.229" bondTorsion="0.0" chain="E" identity=" O  " index="24" type="O2"/>
      <atom atmCharge="-0.8266" bond12="23" bond13="3" bond14="1" bondAngle="120.5" bondLength="1.229" bondTorsion="180.0" chain="E" identity=" OXT" index="25" type="O2"/>
      <alias alias="2HH2" original="HH22"/>
      <alias alias="N   " original=" N  "/>
      <alias alias="3HD " original=" HD3"/>
      <alias alias="HA2 " original=" HA "/>
      <alias alias="2HB " original=" HB2"/>
      <alias alias="1HH2" original="HH21"/>
      <alias alias="HN  " original=" H  "/>
      <alias alias=" HN " original=" H  "/>
      <alias alias="3HB " original=" HB3"/>
      <alias alias="3HG " original=" HG3"/>
      <alias alias="2HH1" original="HH12"/>
      <alias alias="2HD " original=" HD2"/>
      <alias alias="2HG " original=" HG2"/>
      <alias alias="O1  " original=" O  "/>
      <alias alias="1HH1" original="HH11"/>
      <improper Atom1="-1" Atom2="3" Atom3="1" Atom4="2"/>
      <improper Atom1="3" Atom2="25" Atom3="23" Atom4="24"/>
      <improper Atom1="14" Atom2="17" Atom3="16" Atom4="20"/>
      <improper Atom1="11" Atom2="16" Atom3="14" Atom4="15"/>
    </fragment>
    <fragment identity="HISTIDINE DELTAH COO- ANION" symbol="HID" character="H" type="e">
      <atom atmCharge="-0.3821" bond12="-1" bond13="-2" bond14="-3" bondAngle="116.6" bondLength="1.335" bondTorsion="180.0" chain="M" identity=" N  " index="1" type="N"/>
      <atom atmCharge="0.2681" bond12="1" bond13="-1" bond14="-2" bondAngle="119.8" bondLength="1.01" bondTorsion="0.0" chain="E" identity=" H  " index="2" type="H"/>
      <atom atmCharge="-0.1739" bond12="1" bond13="-1" bond14="-2" bondAngle="121.9" bondLength="1.449" bondTorsion="180.0" chain="M" identity=" CA " index="3" type="CT"/>
      <atom atmCharge="0.11" bond12="3" bond13="1" bond14="-1" bondAngle="109.5" bondLength="1.09" bondTorsion="300.0" chain="E" identity=" HA " index="4" type="H1"/>
      <atom atmCharge="-0.1046" bond12="3" bond13="1" bond14="-1" bondAngle="111.1" bondLength="1.525" bondTorsion="60.0" chain="3" identity=" CB " index="5" type="CT"/>
      <atom atmCharge="0.0565" bond12="5" bond13="3" bond14="1" bondAngle="109.5" bondLength="1.09" bondTorsion="300.0" chain="E" identity=" HB2" index="6" type="HC"/>
      <atom atmCharge="0.0565" bond12="5" bond13="3" bond14="1" bondAngle="109.5" bondLength="1.09" bondTorsion="60.0" chain="E" identity=" HB3" index="7" type="HC"/>
      <atom atmCharge="0.0293" bond12="5" bond13="3" bond14="1" bondAngle="115.0" bondLength="1.51" bondTorsion="180.0" chain="S" identity=" CG " index="8" type="CC"/>
      <atom atmCharge="-0.3892" bond12="8" bond13="5" bond14="3" bondAngle="122.0" bondLength="1.39" bondTorsion="180.0" chain="B" identity=" ND1" index="9" type="NA"/>
      <atom atmCharge="0.3755" bond12="9" bond13="8" bond14="5" bondAngle="126.0" bondLength="1.01" bondTorsion="0.0" chain="E" identity=" HD1" index="10" type="H"/>
      <atom atmCharge="0.1925" bond12="9" bond13="8" bond14="5" bondAngle="108.0" bondLength="1.32" bondTorsion="180.0" chain="B" identity=" CE1" index="11" type="CR"/>
      <atom atmCharge="0.1418" bond12="11" bond13="9" bond14="8" bondAngle="120.0" bondLength="1.09" bondTorsion="180.0" chain="E" identity=" HE1" index="12" type="H5"/>
      <atom atmCharge="-0.5629" bond12="11" bond13="9" bond14="8" bondAngle="109.0" bondLength="1.31" bondTorsion="0.0" chain="S" identity=" NE2" index="13" type="NB"/>
      <atom atmCharge="0.1001" bond12="13" bond13="11" bond14="9" bondAngle="110.0" bondLength="1.36" bondTorsion="0.0" chain="S" identity=" CD2" index="14" type="CV"/>
      <atom atmCharge="0.1241" bond12="14" bond13="13" bond14="11" bondAngle="120.0" bondLength="1.09" bondTorsion="180.0" chain="E" identity=" HD2" index="15" type="H4"/>
      <atom atmCharge="0.7615" bond12="3" bond13="1" bond14="-1" bondAngle="111.1" bondLength="1.522" bondTorsion="180.0" chain="M" identity=" C  " index="16" type="C"/>
      <atom atmCharge="-0.8016" bond12="16" bond13="3" bond14="1" bondAngle="120.5" bondLength="1.229" bondTorsion="0.0" chain="E" identity=" O  " index="17" type="O2"/>
      <atom atmCharge="-0.8016" bond12="16" bond13="3" bond14="1" bondAngle="120.5" bondLength="1.229" bondTorsion="180.0" chain="E" identity=" OXT" index="18" type="O2"/>
      <alias alias="N   " original=" N  "/>
      <alias alias="HA2 " original=" HA "/>
      <alias alias="2HB " original=" HB2"/>
      <alias alias="HN  " original=" H  "/>
      <alias alias=" HN " original=" H  "/>
      <alias alias="O1  " original=" O  "/>
      <alias alias="1HD " original=" HD1"/>
      <alias alias="1HE " original=" HE1"/>
      <alias alias="2HD " original=" HD2"/>
      <alias alias="3HB " original=" HB3"/>
      <loop Atom1="8" Atom2="14"/>
      <improper Atom1="-1" Atom2="3" Atom3="1" Atom4="2"/>
      <improper Atom1="3" Atom2="18" Atom3="16" Atom4="17"/>
      <improper Atom1="8" Atom2="11" Atom3="9" Atom4="10"/>
      <improper Atom1="8" Atom2="13" Atom3="14" Atom4="15"/>
      <improper Atom1="9" Atom2="13" Atom3="11" Atom4="12"/>
    </fragment>
    <fragment identity="HISTIDINE EPSILON-H COO- ANION" symbol="HIE" character="H" type="e">
      <atom atmCharge="-0.3821" bond12="-1" bond13="-2" bond14="-3" bondAngle="116.6" bondLength="1.335" bondTorsion="180.0" chain="M" identity=" N  " index="1" type="N"/>
      <atom atmCharge="0.2681" bond12="1" bond13="-1" bond14="-2" bondAngle="119.8" bondLength="1.01" bondTorsion="0.0" chain="E" identity=" H  " index="2" type="H"/>
      <atom atmCharge="-0.2699" bond12="1" bond13="-1" bond14="-2" bondAngle="121.9" bondLength="1.449" bondTorsion="180.0" chain="M" identity=" CA " index="3" type="CT"/>
      <atom atmCharge="0.165" bond12="3" bond13="1" bond14="-1" bondAngle="109.5" bondLength="1.09" bondTorsion="300.0" chain="E" identity=" HA " index="4" type="H1"/>
      <atom atmCharge="-0.1068" bond12="3" bond13="1" bond14="-1" bondAngle="111.1" bondLength="1.525" bondTorsion="60.0" chain="3" identity=" CB " index="5" type="CT"/>
      <atom atmCharge="0.062" bond12="5" bond13="3" bond14="1" bondAngle="109.5" bondLength="1.09" bondTorsion="300.0" chain="E" identity=" HB2" index="6" type="HC"/>
      <atom atmCharge="0.062" bond12="5" bond13="3" bond14="1" bondAngle="109.5" bondLength="1.09" bondTorsion="60.0" chain="E" identity=" HB3" index="7" type="HC"/>
      <atom atmCharge="0.2724" bond12="5" bond13="3" bond14="1" bondAngle="115.0" bondLength="1.51" bondTorsion="180.0" chain="S" identity=" CG " index="8" type="CC"/>
      <atom atmCharge="-0.5517" bond12="8" bond13="5" bond14="3" bondAngle="122.0" bondLength="1.39" bondTorsion="180.0" chain="S" identity=" ND1" index="9" type="NB"/>
      <atom atmCharge="0.1558" bond12="9" bond13="8" bond14="5" bondAngle="108.0" bondLength="1.32" bondTorsion="180.0" chain="B" identity=" CE1" index="10" type="CR"/>
      <atom atmCharge="0.1448" bond12="10" bond13="9" bond14="8" bondAngle="120.0" bondLength="1.09" bondTorsion="180.0" chain="E" identity=" HE1" index="11" type="H5"/>
      <atom atmCharge="-0.267" bond12="10" bond13="9" bond14="8" bondAngle="109.0" bondLength="1.31" bondTorsion="0.0" chain="B" identity=" NE2" index="12" type="NA"/>
      <atom atmCharge="0.3319" bond12="12" bond13="10" bond14="9" bondAngle="125.0" bondLength="1.01" bondTorsion="180.0" chain="E" identity=" HE2" index="13" type="H"/>
      <atom atmCharge="-0.2588" bond12="12" bond13="10" bond14="9" bondAngle="110.0" bondLength="1.36" bondTorsion="0.0" chain="S" identity=" CD2" index="14" type="CW"/>
      <atom atmCharge="0.1957" bond12="14" bond13="12" bond14="10" bondAngle="120.0" bondLength="1.09" bondTorsion="180.0" chain="E" identity=" HD2" index="15" type="H4"/>
      <atom atmCharge="0.7916" bond12="3" bond13="1" bond14="-1" bondAngle="111.1" bondLength="1.522" bondTorsion="180.0" chain="M" identity=" C  " index="16" type="C"/>
      <atom atmCharge="-0.8065" bond12="16" bond13="3" bond14="1" bondAngle="120.5" bondLength="1.229" bondTorsion="0.0" chain="E" identity=" O  " index="17" type="O2"/>
      <atom atmCharge="-0.8065" bond12="16" bond13="3" bond14="1" bondAngle="120.5" bondLength="1.229" bondTorsion="180.0" chain="E" identity=" OXT" index="18" type="O2"/>
      <alias alias="N   " original=" N  "/>
      <alias alias="HA2 " original=" HA "/>
      <alias alias="2HB " original=" HB2"/>
      <alias alias="HN  " original=" H  "/>
      <alias alias=" HN " original=" H  "/>
      <alias alias="O1  " original=" O  "/>
      <alias alias="1HD " original=" HD1"/>
      <alias alias="1HE " original=" HE1"/>
      <alias alias="2HD " original=" HD2"/>
      <alias alias="3HB " original=" HB3"/>
      <loop Atom1="8" Atom2="14"/>
      <improper Atom1="-1" Atom2="3" Atom3="1" Atom4="2"/>
      <improper Atom1="3" Atom2="18" Atom3="16" Atom4="17"/>
      <improper Atom1="10" Atom2="14" Atom3="12" Atom4="13"/>
      <improper Atom1="8" Atom2="12" Atom3="14" Atom4="15"/>
      <improper Atom1="9" Atom2="12" Atom3="10" Atom4="11"/>
    </fragment>
    <fragment identity="HISTIDINE PLUS COO-" symbol="HIP" character="H" type="e">
      <atom atmCharge="-0.3481" bond12="-1" bond13="-2" bond14="-3" bondAngle="116.6" bondLength="1.335" bondTorsion="180.0" chain="M" identity=" N  " index="1" type="N"/>
      <atom atmCharge="0.2764" bond12="1" bond13="-1" bond14="-2" bondAngle="119.8" bondLength="1.01" bondTorsion="0.0" chain="E" identity=" H  " index="2" type="H"/>
      <atom atmCharge="-0.1445" bond12="1" bond13="-1" bond14="-2" bondAngle="121.9" bondLength="1.449" bondTorsion="180.0" chain="M" identity=" CA " index="3" type="CT"/>
      <atom atmCharge="0.1115" bond12="3" bond13="1" bond14="-1" bondAngle="109.5" bondLength="1.09" bondTorsion="300.0" chain="E" identity=" HA " index="4" type="H1"/>
      <atom atmCharge="-0.08" bond12="3" bond13="1" bond14="-1" bondAngle="111.1" bondLength="1.525" bondTorsion="60.0" chain="3" identity=" CB " index="5" type="CT"/>
      <atom atmCharge="0.0868" bond12="5" bond13="3" bond14="1" bondAngle="109.5" bondLength="1.09" bondTorsion="300.0" chain="E" identity=" HB2" index="6" type="HC"/>
      <atom atmCharge="0.0868" bond12="5" bond13="3" bond14="1" bondAngle="109.5" bondLength="1.09" bondTorsion="60.0" chain="E" identity=" HB3" index="7" type="HC"/>
      <atom atmCharge="0.0298" bond12="5" bond13="3" bond14="1" bondAngle="115.0" bondLength="1.51" bondTorsion="180.0" chain="S" identity=" CG " index="8" type="CC"/>
      <atom atmCharge="-0.1501" bond12="8" bond13="5" bond14="3" bondAngle="122.0" bondLength="1.39" bondTorsion="180.0" chain="B" identity=" ND1" index="9" type="NA"/>
      <atom atmCharge="0.3883" bond12="9" bond13="8" bond14="5" bondAngle="126.0" bondLength="1.01" bondTorsion="0.0" chain="E" identity=" HD1" index="10" type="H"/>
      <atom atmCharge="-0.0251" bond12="9" bond13="8" bond14="5" bondAngle="108.0" bondLength="1.32" bondTorsion="180.0" chain="B" identity=" CE1" index="11" type="CR"/>
      <atom atmCharge="0.2694" bond12="11" bond13="9" bond14="8" bondAngle="120.0" bondLength="1.09" bondTorsion="180.0" chain="E" identity=" HE1" index="12" type="H5"/>
      <atom atmCharge="-0.1683" bond12="11" bond13="9" bond14="8" bondAngle="109.0" bondLength="1.31" bondTorsion="0.0" chain="B" identity=" NE2" index="13" type="NA"/>
      <atom atmCharge="0.3913" bond12="13" bond13="11" bond14="9" bondAngle="125.0" bondLength="1.01" bondTorsion="180.0" chain="E" identity=" HE2" index="14" type="H"/>
      <atom atmCharge="-0.1256" bond12="13" bond13="11" bond14="9" bondAngle="110.0" bondLength="1.36" bondTorsion="0.0" chain="S" identity=" CD2" index="15" type="CW"/>
      <atom atmCharge="0.2336" bond12="15" bond13="13" bond14="11" bondAngle="120.0" bondLength="1.09" bondTorsion="180.0" chain="E" identity=" HD2" index="16" type="H4"/>
      <atom atmCharge="0.8032" bond12="3" bond13="1" bond14="-1" bondAngle="111.1" bondLength="1.522" bondTorsion="180.0" chain="M" identity=" C  " index="17" type="C"/>
      <atom atmCharge="-0.8177" bond12="17" bond13="3" bond14="1" bondAngle="120.5" bondLength="1.229" bondTorsion="0.0" chain="E" identity=" O  " index="18" type="O2"/>
      <atom atmCharge="-0.8177" bond12="17" bond13="3" bond14="1" bondAngle="120.5" bondLength="1.229" bondTorsion="180.0" chain="E" identity=" OXT" index="19" type="O2"/>
      <loop Atom1="8" Atom2="15"/>
      <improper Atom1="-1" Atom2="3" Atom3="1" Atom4="2"/>
      <improper Atom1="3" Atom2="19" Atom3="17" Atom4="18"/>
      <improper Atom1="8" Atom2="11" Atom3="9" Atom4="10"/>
      <improper Atom1="11" Atom2="15" Atom3="13" Atom4="14"/>
      <improper Atom1="8" Atom2="13" Atom3="15" Atom4="16"/>
      <improper Atom1="9" Atom2="13" Atom3="11" Atom4="12"/>
    </fragment>
    <fragment identity="TRYPTOPHAN COO- ANION" symbol="TRP" character="W" type="e">
      <atom atmCharge="-0.3821" bond12="-1" bond13="-2" bond14="-3" bondAngle="116.6" bondLength="1.335" bondTorsion="180.0" chain="M" identity=" N  " index="1" type="N"/>
      <atom atmCharge="0.2681" bond12="1" bond13="-1" bond14="-2" bondAngle="119.8" bondLength="1.01" bondTorsion="0.0" chain="E" identity=" H  " index="2" type="H"/>
      <atom atmCharge="-0.2084" bond12="1" bond13="-1" bond14="-2" bondAngle="121.9" bondLength="1.449" bondTorsion="180.0" chain="M" identity=" CA " index="3" type="CT"/>
      <atom atmCharge="0.1272" bond12="3" bond13="1" bond14="-1" bondAngle="109.5" bondLength="1.09" bondTorsion="300.0" chain="E" identity=" HA " index="4" type="H1"/>
      <atom atmCharge="-0.0742" bond12="3" bond13="1" bond14="-1" bondAngle="111.1" bondLength="1.525" bondTorsion="60.0" chain="3" identity=" CB " index="5" type="CT"/>
      <atom atmCharge="0.0497" bond12="5" bond13="3" bond14="1" bondAngle="109.5" bondLength="1.09" bondTorsion="300.0" chain="E" identity=" HB2" index="6" type="HC"/>
      <atom atmCharge="0.0497" bond12="5" bond13="3" bond14="1" bondAngle="109.5" bondLength="1.09" bondTorsion="60.0" chain="E" identity=" HB3" index="7" type="HC"/>
      <atom atmCharge="-0.0796" bond12="5" bond13="3" bond14="1" bondAngle="115.0" bondLength="1.51" bondTorsion="180.0" chain="S" identity=" CG " index="8" type="C*"/>
      <atom atmCharge="-0.1808" bond12="8" bond13="5" bond14="3" bondAngle="127.0" bondLength="1.34" bondTorsion="180.0" chain="B" identity=" CD1" index="9" type="CW"/>
      <atom atmCharge="0.2043" bond12="9" bond13="8" bond14="5" bondAngle="120.0" bondLength="1.09" bondTorsion="0.0" chain="E" identity=" HD1" index="10" type="H4"/>
      <atom atmCharge="-0.3316" bond12="9" bond13="8" bond14="5" bondAngle="107.0" bondLength="1.43" bondTorsion="180.0" chain="B" identity=" NE1" index="11" type="NA"/>
      <atom atmCharge="0.3413" bond12="11" bond13="9" bond14="8" bondAngle="125.5" bondLength="1.01" bondTorsion="180.0" chain="E" identity=" HE1" index="12" type="H"/>
      <atom atmCharge="0.1222" bond12="11" bond13="9" bond14="8" bondAngle="109.0" bondLength="1.31" bondTorsion="0.0" chain="S" identity=" CE2" index="13" type="CN"/>
      <atom atmCharge="-0.2594" bond12="13" bond13="11" bond14="9" bondAngle="128.0" bondLength="1.4" bondTorsion="180.0" chain="B" identity=" CZ2" index="14" type="CA"/>
      <atom atmCharge="0.1567" bond12="14" bond13="13" bond14="11" bondAngle="120.0" bondLength="1.09" bondTorsion="0.0" chain="E" identity=" HZ2" index="15" type="HA"/>
      <atom atmCharge="-0.102" bond12="14" bond13="13" bond14="11" bondAngle="116.0" bondLength="1.39" bondTorsion="180.0" chain="B" identity=" CH2" index="16" type="CA"/>
      <atom atmCharge="0.1401" bond12="16" bond13="14" bond14="13" bondAngle="120.0" bondLength="1.09" bondTorsion="180.0" chain="E" identity=" HH2" index="17" type="HA"/>
      <atom atmCharge="-0.2287" bond12="16" bond13="14" bond14="13" bondAngle="121.0" bondLength="1.35" bondTorsion="0.0" chain="B" identity=" CZ3" index="18" type="CA"/>
      <atom atmCharge="0.1507" bond12="18" bond13="16" bond14="14" bondAngle="120.0" bondLength="1.09" bondTorsion="180.0" chain="E" identity=" HZ3" index="19" type="HA"/>
      <atom atmCharge="-0.1837" bond12="18" bond13="16" bond14="14" bondAngle="122.0" bondLength="1.41" bondTorsion="0.0" chain="B" identity=" CE3" index="20" type="CA"/>
      <atom atmCharge="0.1491" bond12="20" bond13="18" bond14="16" bondAngle="120.0" bondLength="1.09" bondTorsion="180.0" chain="E" identity=" HE3" index="21" type="HA"/>
      <atom atmCharge="0.1078" bond12="20" bond13="18" bond14="16" bondAngle="117.0" bondLength="1.4" bondTorsion="0.0" chain="E" identity=" CD2" index="22" type="CB"/>
      <atom atmCharge="0.7658" bond12="3" bond13="1" bond14="-1" bondAngle="111.1" bondLength="1.522" bondTorsion="180.0" chain="M" identity=" C  " index="23" type="C"/>
      <atom atmCharge="-0.8011" bond12="23" bond13="3" bond14="1" bondAngle="120.5" bondLength="1.229" bondTorsion="0.0" chain="E" identity=" O  " index="24" type="O2"/>
      <atom atmCharge="-0.8011" bond12="23" bond13="3" bond14="1" bondAngle="120.5" bondLength="1.229" bondTorsion="180.0" chain="E" identity=" OXT" index="25" type="O2"/>
      <alias alias="2HB " original=" HB2"/>
      <alias alias="3HE " original=" HE3"/>
      <alias alias="2HZ " original=" HZ2"/>
      <alias alias="1HD " original=" HD1"/>
      <alias alias="1HE " original=" HE1"/>
      <alias alias="3HZ " original=" HZ3"/>
      <alias alias="2HH " original=" HH2"/>
      <alias alias="3HB " original=" HB3"/>
      <loop Atom1="8" Atom2="22"/>
      <loop Atom1="13" Atom2="22"/>
      <improper Atom1="-1" Atom2="3" Atom3="1" Atom4="2"/>
      <improper Atom1="3" Atom2="25" Atom3="23" Atom4="24"/>
      <improper Atom1="9" Atom2="13" Atom3="11" Atom4="12"/>
      <improper Atom1="13" Atom2="16" Atom3="14" Atom4="15"/>
      <improper Atom1="14" Atom2="18" Atom3="16" Atom4="17"/>
      <improper Atom1="16" Atom2="20" Atom3="18" Atom4="19"/>
      <improper Atom1="18" Atom2="22" Atom3="20" Atom4="21"/>
      <improper Atom1="8" Atom2="11" Atom3="9" Atom4="10"/>
    </fragment>
    <fragment identity="PHENYLALANINE COO- ANION" symbol="PHE" character="F" type="e">
      <atom atmCharge="-0.3821" bond12="-1" bond13="-2" bond14="-3" bondAngle="116.6" bondLength="1.335" bondTorsion="180.0" chain="M" identity=" N  " index="1" type="N"/>
      <atom atmCharge="0.2681" bond12="1" bond13="-1" bond14="-2" bondAngle="119.8" bondLength="1.01" bondTorsion="0.0" chain="E" identity=" H  " index="2" type="H"/>
      <atom atmCharge="-0.1825" bond12="1" bond13="-1" bond14="-2" bondAngle="121.9" bondLength="1.449" bondTorsion="180.0" chain="M" identity=" CA " index="3" type="CT"/>
      <atom atmCharge="0.1098" bond12="3" bond13="1" bond14="-1" bondAngle="109.5" bondLength="1.09" bondTorsion="300.0" chain="E" identity=" HA " index="4" type="H1"/>
      <atom atmCharge="-0.0959" bond12="3" bond13="1" bond14="-1" bondAngle="111.1" bondLength="1.525" bondTorsion="60.0" chain="3" identity=" CB " index="5" type="CT"/>
      <atom atmCharge="0.0443" bond12="5" bond13="3" bond14="1" bondAngle="109.5" bondLength="1.09" bondTorsion="300.0" chain="E" identity=" HB2" index="6" type="HC"/>
      <atom atmCharge="0.0443" bond12="5" bond13="3" bond14="1" bondAngle="109.5" bondLength="1.09" bondTorsion="60.0" chain="E" identity=" HB3" index="7" type="HC"/>
      <atom atmCharge="0.0552" bond12="5" bond13="3" bond14="1" bondAngle="115.0" bondLength="1.51" bondTorsion="180.0" chain="S" identity=" CG " index="8" type="CA"/>
      <atom atmCharge="-0.13" bond12="8" bond13="5" bond14="3" bondAngle="120.0" bondLength="1.4" bondTorsion="180.0" chain="B" identity=" CD1" index="9" type="CA"/>
      <atom atmCharge="0.1408" bond12="9" bond13="8" bond14="5" bondAngle="120.0" bondLength="1.09" bondTorsion="0.0" chain="E" identity=" HD1" index="10" type="HA"/>
      <atom atmCharge="-0.1847" bond12="9" bond13="8" bond14="5" bondAngle="120.0" bondLength="1.4" bondTorsion="180.0" chain="B" identity=" CE1" index="11" type="CA"/>
      <atom atmCharge="0.1461" bond12="11" bond13="9" bond14="8" bondAngle="120.0" bondLength="1.09" bondTorsion="180.0" chain="E" identity=" HE1" index="12" type="HA"/>
      <atom atmCharge="-0.0944" bond12="11" bond13="9" bond14="8" bondAngle="120.0" bondLength="1.4" bondTorsion="0.0" chain="B" identity=" CZ " index="13" type="CA"/>
      <atom atmCharge="0.128" bond12="13" bond13="11" bond14="9" bondAngle="120.0" bondLength="1.09" bondTorsion="180.0" chain="E" identity=" HZ " index="14" type="HA"/>
      <atom atmCharge="-0.1847" bond12="13" bond13="11" bond14="9" bondAngle="120.0" bondLength="1.4" bondTorsion="0.0" chain="B" identity=" CE2" index="15" type="CA"/>
      <atom atmCharge="0.1461" bond12="15" bond13="13" bond14="11" bondAngle="120.0" bondLength="1.09" bondTorsion="180.0" chain="E" identity=" HE2" index="16" type="HA"/>
      <atom atmCharge="-0.13" bond12="15" bond13="13" bond14="11" bondAngle="120.0" bondLength="1.4" bondTorsion="0.0" chain="S" identity=" CD2" index="17" type="CA"/>
      <atom atmCharge="0.1408" bond12="17" bond13="15" bond14="13" bondAngle="120.0" bondLength="1.09" bondTorsion="180.0" chain="E" identity=" HD2" index="18" type="HA"/>
      <atom atmCharge="0.766" bond12="3" bond13="1" bond14="-1" bondAngle="111.1" bondLength="1.522" bondTorsion="180.0" chain="M" identity=" C  " index="19" type="C"/>
      <atom atmCharge="-0.8026" bond12="19" bond13="3" bond14="1" bondAngle="120.5" bondLength="1.229" bondTorsion="0.0" chain="E" identity=" O  " index="20" type="O2"/>
      <atom atmCharge="-0.8026" bond12="19" bond13="3" bond14="1" bondAngle="120.5" bondLength="1.229" bondTorsion="180.0" chain="E" identity=" OXT" index="21" type="O2"/>
      <alias alias="2HB " original=" HB2"/>
      <alias alias="1HD " original=" HD1"/>
      <alias alias="1HE " original=" HE1"/>
      <alias alias="2HE " original=" HE2"/>
      <alias alias="2HD " original=" HD2"/>
      <alias alias="3HB " original=" HB3"/>
      <loop Atom1="8" Atom2="17"/>
      <improper Atom1="-1" Atom2="3" Atom3="1" Atom4="2"/>
      <improper Atom1="3" Atom2="21" Atom3="19" Atom4="20"/>
      <improper Atom1="8" Atom2="15" Atom3="17" Atom4="18"/>
      <improper Atom1="17" Atom2="13" Atom3="15" Atom4="16"/>
      <improper Atom1="9" Atom2="13" Atom3="11" Atom4="12"/>
      <improper Atom1="8" Atom2="11" Atom3="9" Atom4="10"/>
    </fragment>
    <fragment identity="TYROSINE COO- ANION" symbol="TYR" character="Y" type="e">
      <atom atmCharge="-0.3821" bond12="-1" bond13="-2" bond14="-3" bondAngle="116.6" bondLength="1.335" bondTorsion="180.0" chain="M" identity=" N  " index="1" type="N"/>
      <atom atmCharge="0.2681" bond12="1" bond13="-1" bond14="-2" bondAngle="119.8" bondLength="1.01" bondTorsion="0.0" chain="E" identity=" H  " index="2" type="H"/>
      <atom atmCharge="-0.2015" bond12="1" bond13="-1" bond14="-2" bondAngle="121.9" bondLength="1.449" bondTorsion="180.0" chain="M" identity=" CA " index="3" type="CT"/>
      <atom atmCharge="0.1092" bond12="3" bond13="1" bond14="-1" bondAngle="109.5" bondLength="1.09" bondTorsion="300.0" chain="E" identity=" HA " index="4" type="H1"/>
      <atom atmCharge="-0.0752" bond12="3" bond13="1" bond14="-1" bondAngle="111.1" bondLength="1.525" bondTorsion="60.0" chain="3" identity=" CB " index="5" type="CT"/>
      <atom atmCharge="0.049" bond12="5" bond13="3" bond14="1" bondAngle="109.5" bondLength="1.09" bondTorsion="300.0" chain="E" identity=" HB2" index="6" type="HC"/>
      <atom atmCharge="0.049" bond12="5" bond13="3" bond14="1" bondAngle="109.5" bondLength="1.09" bondTorsion="60.0" chain="E" identity=" HB3" index="7" type="HC"/>
      <atom atmCharge="0.0243" bond12="5" bond13="3" bond14="1" bondAngle="109.47" bondLength="1.51" bondTorsion="180.0" chain="S" identity=" CG " index="8" type="CA"/>
      <atom atmCharge="-0.1922" bond12="8" bond13="5" bond14="3" bondAngle="120.0" bondLength="1.4" bondTorsion="180.0" chain="B" identity=" CD1" index="9" type="CA"/>
      <atom atmCharge="0.178" bond12="9" bond13="8" bond14="5" bondAngle="120.0" bondLength="1.09" bondTorsion="0.0" chain="E" identity=" HD1" index="10" type="HA"/>
      <atom atmCharge="-0.2458" bond12="9" bond13="8" bond14="5" bondAngle="120.0" bondLength="1.4" bondTorsion="180.0" chain="B" identity=" CE1" index="11" type="CA"/>
      <atom atmCharge="0.1673" bond12="11" bond13="9" bond14="8" bondAngle="120.0" bondLength="1.09" bondTorsion="180.0" chain="E" identity=" HE1" index="12" type="HA"/>
      <atom atmCharge="0.3395" bond12="11" bond13="9" bond14="8" bondAngle="120.0" bondLength="1.4" bondTorsion="0.0" chain="B" identity=" CZ " index="13" type="C"/>
      <atom atmCharge="-0.5643" bond12="13" bond13="11" bond14="9" bondAngle="120.0" bondLength="1.36" bondTorsion="180.0" chain="S" identity=" OH " index="14" type="OH"/>
      <atom atmCharge="0.4017" bond12="14" bond13="13" bond14="11" bondAngle="113.0" bondLength="0.96" bondTorsion="0.0" chain="E" identity=" HH " index="15" type="HO"/>
      <atom atmCharge="-0.2458" bond12="13" bond13="11" bond14="9" bondAngle="120.0" bondLength="1.4" bondTorsion="0.0" chain="B" identity=" CE2" index="16" type="CA"/>
      <atom atmCharge="0.1673" bond12="16" bond13="13" bond14="11" bondAngle="120.0" bondLength="1.09" bondTorsion="180.0" chain="E" identity=" HE2" index="17" type="HA"/>
      <atom atmCharge="-0.1922" bond12="16" bond13="13" bond14="11" bondAngle="120.0" bondLength="1.4" bondTorsion="0.0" chain="S" identity=" CD2" index="18" type="CA"/>
      <atom atmCharge="0.178" bond12="18" bond13="16" bond14="13" bondAngle="120.0" bondLength="1.09" bondTorsion="180.0" chain="E" identity=" HD2" index="19" type="HA"/>
      <atom atmCharge="0.7817" bond12="3" bond13="1" bond14="-1" bondAngle="111.1" bondLength="1.522" bondTorsion="180.0" chain="M" identity=" C  " index="20" type="C"/>
      <atom atmCharge="-0.807" bond12="20" bond13="3" bond14="1" bondAngle="120.5" bondLength="1.229" bondTorsion="0.0" chain="E" identity=" O  " index="21" type="O2"/>
      <atom atmCharge="-0.807" bond12="20" bond13="3" bond14="1" bondAngle="120.5" bondLength="1.229" bondTorsion="180.0" chain="E" identity=" OXT" index="22" type="O2"/>
      <alias alias="2HB " original=" HB2"/>
      <alias alias="1HD " original=" HD1"/>
      <alias alias="1HE " original=" HE1"/>
      <alias alias="2HE " original=" HE2"/>
      <alias alias="2HD " original=" HD2"/>
      <alias alias="3HB " original=" HB3"/>
      <loop Atom1="8" Atom2="18"/>
      <improper Atom1="-1" Atom2="3" Atom3="1" Atom4="2"/>
      <improper Atom1="3" Atom2="22" Atom3="20" Atom4="21"/>
      <improper Atom1="8" Atom2="16" Atom3="18" Atom4="19"/>
      <improper Atom1="18" Atom2="13" Atom3="16" Atom4="17"/>
      <improper Atom1="9" Atom2="13" Atom3="11" Atom4="12"/>
      <improper Atom1="8" Atom2="11" Atom3="9" Atom4="10"/>
    </fragment>
    <fragment identity="GLUTAMIC ACID COO- ANION" symbol="GLU" character="E" type="e">
      <atom atmCharge="-0.5192" bond12="-1" bond13="-2" bond14="-3" bondAngle="116.6" bondLength="1.335" bondTorsion="180.0" chain="M" identity=" N  " index="1" type="N"/>
      <atom atmCharge="0.3055" bond12="1" bond13="-1" bond14="-2" bondAngle="119.8" bondLength="1.01" bondTorsion="0.0" chain="E" identity=" H  " index="2" type="H"/>
      <atom atmCharge="-0.2059" bond12="1" bond13="-1" bond14="-2" bondAngle="121.9" bondLength="1.449" bondTorsion="180.0" chain="M" identity=" CA " index="3" type="CT"/>
      <atom atmCharge="0.1399" bond12="3" bond13="1" bond14="-1" bondAngle="109.5" bondLength="1.09" bondTorsion="300.0" chain="E" identity=" HA " index="4" type="H1"/>
      <atom atmCharge="0.0071" bond12="3" bond13="1" bond14="-1" bondAngle="111.1" bondLength="1.525" bondTorsion="60.0" chain="3" identity=" CB " index="5" type="CT"/>
      <atom atmCharge="-0.0078" bond12="5" bond13="3" bond14="1" bondAngle="109.5" bondLength="1.09" bondTorsion="300.0" chain="E" identity=" HB2" index="6" type="HC"/>
      <atom atmCharge="-0.0078" bond12="5" bond13="3" bond14="1" bondAngle="109.5" bondLength="1.09" bondTorsion="60.0" chain="E" identity=" HB3" index="7" type="HC"/>
      <atom atmCharge="0.0675" bond12="5" bond13="3" bond14="1" bondAngle="109.47" bondLength="1.51" bondTorsion="180.0" chain="3" identity=" CG " index="8" type="CT"/>
      <atom atmCharge="-0.0548" bond12="8" bond13="5" bond14="3" bondAngle="109.5" bondLength="1.09" bondTorsion="300.0" chain="E" identity=" HG2" index="9" type="HC"/>
      <atom atmCharge="-0.0548" bond12="8" bond13="5" bond14="3" bondAngle="109.5" bondLength="1.09" bondTorsion="60.0" chain="E" identity=" HG3" index="10" type="HC"/>
      <atom atmCharge="0.8183" bond12="8" bond13="5" bond14="3" bondAngle="109.47" bondLength="1.527" bondTorsion="180.0" chain="B" identity=" CD " index="11" type="C"/>
      <atom atmCharge="-0.822" bond12="11" bond13="8" bond14="5" bondAngle="117.2" bondLength="1.26" bondTorsion="90.0" chain="E" identity=" OE1" index="12" type="O2"/>
      <atom atmCharge="-0.822" bond12="11" bond13="8" bond14="5" bondAngle="117.2" bondLength="1.26" bondTorsion="270.0" chain="E" identity=" OE2" index="13" type="O2"/>
      <atom atmCharge="0.742" bond12="3" bond13="1" bond14="-1" bondAngle="111.1" bondLength="1.522" bondTorsion="180.0" chain="M" identity=" C  " index="14" type="C"/>
      <atom atmCharge="-0.793" bond12="14" bond13="3" bond14="1" bondAngle="120.5" bondLength="1.229" bondTorsion="0.0" chain="E" identity=" O  " index="15" type="O2"/>
      <atom atmCharge="-0.793" bond12="14" bond13="3" bond14="1" bondAngle="120.5" bondLength="1.229" bondTorsion="180.0" chain="E" identity=" OXT" index="16" type="O2"/>
      <alias alias="2HG " original=" HG2"/>
      <alias alias="3HG " original=" HG3"/>
      <alias alias="3HB " original=" HB3"/>
      <alias alias="2HB " original=" HB2"/>
      <improper Atom1="-1" Atom2="3" Atom3="1" Atom4="2"/>
      <improper Atom1="3" Atom2="16" Atom3="14" Atom4="15"/>
      <improper Atom1="8" Atom2="12" Atom3="11" Atom4="13"/>
    </fragment>
    <fragment identity="ASPARTIC ACID COO- ANION" symbol="ASP" character="D" type="e">
      <atom atmCharge="-0.5192" bond12="-1" bond13="-2" bond14="-3" bondAngle="116.6" bondLength="1.335" bondTorsion="180.0" chain="M" identity=" N  " index="1" type="N"/>
      <atom atmCharge="0.3055" bond12="1" bond13="-1" bond14="-2" bondAngle="119.8" bondLength="1.01" bondTorsion="0.0" chain="E" identity=" H  " index="2" type="H"/>
      <atom atmCharge="-0.1817" bond12="1" bond13="-1" bond14="-2" bondAngle="121.9" bondLength="1.449" bondTorsion="180.0" chain="M" identity=" CA " index="3" type="CT"/>
      <atom atmCharge="0.1046" bond12="3" bond13="1" bond14="-1" bondAngle="109.5" bondLength="1.09" bondTorsion="300.0" chain="E" identity=" HA " index="4" type="H1"/>
      <atom atmCharge="-0.0677" bond12="3" bond13="1" bond14="-1" bondAngle="111.1" bondLength="1.525" bondTorsion="60.0" chain="3" identity=" CB " index="5" type="CT"/>
      <atom atmCharge="-0.0212" bond12="5" bond13="3" bond14="1" bondAngle="109.5" bondLength="1.09" bondTorsion="300.0" chain="E" identity=" HB2" index="6" type="HC"/>
      <atom atmCharge="-0.0212" bond12="5" bond13="3" bond14="1" bondAngle="109.5" bondLength="1.09" bondTorsion="60.0" chain="E" identity=" HB3" index="7" type="HC"/>
      <atom atmCharge="0.8851" bond12="5" bond13="3" bond14="1" bondAngle="109.47" bondLength="1.527" bondTorsion="180.0" chain="B" identity=" CG " index="8" type="C"/>
      <atom atmCharge="-0.8162" bond12="8" bond13="5" bond14="3" bondAngle="117.2" bondLength="1.26" bondTorsion="90.0" chain="E" identity=" OD1" index="9" type="O2"/>
      <atom atmCharge="-0.8162" bond12="8" bond13="5" bond14="3" bondAngle="117.2" bondLength="1.26" bondTorsion="270.0" chain="E" identity=" OD2" index="10" type="O2"/>
      <atom atmCharge="0.7256" bond12="3" bond13="1" bond14="-1" bondAngle="111.1" bondLength="1.522" bondTorsion="180.0" chain="M" identity=" C  " index="11" type="C"/>
      <atom atmCharge="-0.7887" bond12="11" bond13="3" bond14="1" bondAngle="120.5" bondLength="1.229" bondTorsion="0.0" chain="E" identity=" O  " index="12" type="O2"/>
      <atom atmCharge="-0.7887" bond12="11" bond13="3" bond14="1" bondAngle="120.5" bondLength="1.229" bondTorsion="180.0" chain="E" identity=" OXT" index="13" type="O2"/>
      <alias alias="3HB " original=" HB3"/>
      <alias alias="2HB " original=" HB2"/>
      <improper Atom1="-1" Atom2="3" Atom3="1" Atom4="2"/>
      <improper Atom1="3" Atom2="13" Atom3="11" Atom4="12"/>
      <improper Atom1="5" Atom2="9" Atom3="8" Atom4="10"/>
    </fragment>
    <fragment identity="LYSINE COO- ANION" symbol="LYS" character="K" type="e">
      <atom atmCharge="-0.3481" bond12="-1" bond13="-2" bond14="-3" bondAngle="116.6" bondLength="1.335" bondTorsion="180.0" chain="M" identity=" N  " index="1" type="N"/>
      <atom atmCharge="0.2764" bond12="1" bond13="-1" bond14="-2" bondAngle="119.8" bondLength="1.01" bondTorsion="0.0" chain="E" identity=" H  " index="2" type="H"/>
      <atom atmCharge="-0.2903" bond12="1" bond13="-1" bond14="-2" bondAngle="121.9" bondLength="1.449" bondTorsion="180.0" chain="M" identity=" CA " index="3" type="CT"/>
      <atom atmCharge="0.1438" bond12="3" bond13="1" bond14="-1" bondAngle="109.5" bondLength="1.09" bondTorsion="300.0" chain="E" identity=" HA " index="4" type="H1"/>
      <atom atmCharge="-0.0538" bond12="3" bond13="1" bond14="-1" bondAngle="111.1" bondLength="1.525" bondTorsion="60.0" chain="3" identity=" CB " index="5" type="CT"/>
      <atom atmCharge="0.0482" bond12="5" bond13="3" bond14="1" bondAngle="109.5" bondLength="1.09" bondTorsion="300.0" chain="E" identity=" HB2" index="6" type="HC"/>
      <atom atmCharge="0.0482" bond12="5" bond13="3" bond14="1" bondAngle="109.5" bondLength="1.09" bondTorsion="60.0" chain="E" identity=" HB3" index="7" type="HC"/>
      <atom atmCharge="0.0227" bond12="5" bond13="3" bond14="1" bondAngle="109.47" bondLength="1.525" bondTorsion="180.0" chain="3" identity=" CG " index="8" type="CT"/>
      <atom atmCharge="0.0134" bond12="8" bond13="5" bond14="3" bondAngle="109.5" bondLength="1.09" bondTorsion="300.0" chain="E" identity=" HG2" index="9" type="HC"/>
      <atom atmCharge="0.0134" bond12="8" bond13="5" bond14="3" bondAngle="109.5" bondLength="1.09" bondTorsion="60.0" chain="E" identity=" HG3" index="10" type="HC"/>
      <atom atmCharge="-0.0392" bond12="8" bond13="5" bond14="3" bondAngle="109.47" bondLength="1.525" bondTorsion="180.0" chain="3" identity=" CD " index="11" type="CT"/>
      <atom atmCharge="0.0611" bond12="11" bond13="8" bond14="5" bondAngle="109.5" bondLength="1.09" bondTorsion="300.0" chain="E" identity=" HD2" index="12" type="HC"/>
      <atom atmCharge="0.0611" bond12="11" bond13="8" bond14="5" bondAngle="109.5" bondLength="1.09" bondTorsion="60.0" chain="E" identity=" HD3" index="13" type="HC"/>
      <atom atmCharge="-0.0176" bond12="11" bond13="8" bond14="5" bondAngle="109.47" bondLength="1.525" bondTorsion="180.0" chain="3" identity=" CE " index="14" type="CT"/>
      <atom atmCharge="0.1121" bond12="14" bond13="11" bond14="8" bondAngle="109.5" bondLength="1.09" bondTorsion="300.0" chain="E" identity=" HE2" index="15" type="HP"/>
      <atom atmCharge="0.1121" bond12="14" bond13="11" bond14="8" bondAngle="109.5" bondLength="1.09" bondTorsion="60.0" chain="E" identity=" HE3" index="16" type="HP"/>
      <atom atmCharge="-0.3741" bond12="14" bond13="11" bond14="8" bondAngle="109.47" bondLength="1.47" bondTorsion="180.0" chain="3" identity=" NZ " index="17" type="N3"/>
      <atom atmCharge="0.3374" bond12="17" bond13="14" bond14="11" bondAngle="109.47" bondLength="1.01" bondTorsion="60.0" chain="E" identity=" HZ1" index="18" type="H"/>
      <atom atmCharge="0.3374" bond12="17" bond13="14" bond14="11" bondAngle="109.47" bondLength="1.01" bondTorsion="180.0" chain="E" identity=" HZ2" index="19" type="H"/>
      <atom atmCharge="0.3374" bond12="17" bond13="14" bond14="11" bondAngle="109.47" bondLength="1.01" bondTorsion="300.0" chain="E" identity=" HZ3" index="20" type="H"/>
      <atom atmCharge="0.8488" bond12="3" bond13="1" bond14="-1" bondAngle="111.1" bondLength="1.522" bondTorsion="180.0" chain="M" identity=" C  " index="21" type="C"/>
      <atom atmCharge="-0.8252" bond12="21" bond13="3" bond14="1" bondAngle="120.5" bondLength="1.229" bondTorsion="0.0" chain="E" identity=" O  " index="22" type="O2"/>
      <atom atmCharge="-0.8252" bond12="21" bond13="3" bond14="1" bondAngle="120.5" bondLength="1.229" bondTorsion="180.0" chain="E" identity=" OXT" index="23" type="O2"/>
      <alias alias="N   " original=" N  "/>
      <alias alias="HN  " original=" H  "/>
      <alias alias=" HN " original=" H  "/>
      <alias alias="H   " original=" H  "/>
      <alias alias="CA  " original=" CA "/>
      <alias alias="HA  " original=" HA "/>
      <alias alias="CB  " original=" CB "/>
      <alias alias="HB2 " original=" HB2"/>
      <alias alias="2HB " original=" HB2"/>
      <alias alias="HB3 " original=" HB3"/>
      <alias alias="3HB " original=" HB3"/>
      <alias alias="CG  " original=" CG "/>
      <alias alias="HG2 " original=" HG2"/>
      <alias alias="2HG " original=" HG2"/>
      <alias alias="HG3 " original=" HG3"/>
      <alias alias="3HG " original=" HG3"/>
      <alias alias="CD  " original=" CD "/>
      <alias alias="HD2 " original=" HD2"/>
      <alias alias="2HD " original=" HD2"/>
      <alias alias="HD3 " original=" HD3"/>
      <alias alias="3HD " original=" HD3"/>
      <alias alias="CE  " original=" CE "/>
      <alias alias="HE2 " original=" HE2"/>
      <alias alias="2HE " original=" HE2"/>
      <alias alias="HE3 " original=" HE3"/>
      <alias alias="3HE " original=" HE3"/>
      <alias alias="NZ  " original=" NZ "/>
      <alias alias="HZ1 " original=" HZ1"/>
      <alias alias="1HZ " original=" HZ1"/>
      <alias alias="HZ2 " original=" HZ2"/>
      <alias alias="2HZ " original=" HZ2"/>
      <alias alias="HZ3 " original=" HZ3"/>
      <alias alias="3HZ " original=" HZ3"/>
      <alias alias="C   " original=" C  "/>
      <alias alias="O   " original=" O  "/>
      <alias alias="O1  " original=" O  "/>
      <alias alias="OXT " original=" OXT"/>
      <improper Atom1="-1" Atom2="3" Atom3="1" Atom4="2"/>
      <improper Atom1="3" Atom2="23" Atom3="21" Atom4="22"/>
    </fragment>
    <fragment identity="PROLINE COO- ANION" symbol="PRO" character="P" type="e">
      <atom atmCharge="-0.2802" bond12="-1" bond13="-2" bond14="-3" bondAngle="117.0" bondLength="1.337" bondTorsion="180.0" chain="M" identity=" N  " index="1" type="N"/>
      <atom atmCharge="0.0434" bond12="1" bond13="-1" bond14="-2" bondAngle="126.1" bondLength="1.458" bondTorsion="356.1" chain="3" identity=" CD " index="2" type="CT"/>
      <atom atmCharge="0.0331" bond12="2" bond13="1" bond14="-1" bondAngle="109.5" bondLength="1.09" bondTorsion="80.0" chain="E" identity=" HD2" index="3" type="H1"/>
      <atom atmCharge="0.0331" bond12="2" bond13="1" bond14="-1" bondAngle="109.5" bondLength="1.09" bondTorsion="320.0" chain="E" identity=" HD3" index="4" type="H1"/>
      <atom atmCharge="0.0466" bond12="2" bond13="1" bond14="-1" bondAngle="103.2" bondLength="1.5" bondTorsion="200.1" chain="3" identity=" CG " index="5" type="CT"/>
      <atom atmCharge="0.0172" bond12="5" bond13="2" bond14="1" bondAngle="109.5" bondLength="1.09" bondTorsion="218.0" chain="E" identity=" HG2" index="6" type="HC"/>
      <atom atmCharge="0.0172" bond12="5" bond13="2" bond14="1" bondAngle="109.5" bondLength="1.09" bondTorsion="98.0" chain="E" identity=" HG3" index="7" type="HC"/>
      <atom atmCharge="-0.0543" bond12="5" bond13="2" bond14="1" bondAngle="106.0" bondLength="1.51" bondTorsion="338.3" chain="B" identity=" CB " index="8" type="CT"/>
      <atom atmCharge="0.0381" bond12="8" bond13="5" bond14="2" bondAngle="109.5" bondLength="1.09" bondTorsion="256.3" chain="E" identity=" HB2" index="9" type="HC"/>
      <atom atmCharge="0.0381" bond12="8" bond13="5" bond14="2" bondAngle="109.5" bondLength="1.09" bondTorsion="136.3" chain="E" identity=" HB3" index="10" type="HC"/>
      <atom atmCharge="-0.1336" bond12="1" bond13="-1" bond14="-2" bondAngle="120.6" bondLength="1.451" bondTorsion="175.2" chain="M" identity=" CA " index="11" type="CT"/>
      <atom atmCharge="0.0776" bond12="11" bond13="1" bond14="-1" bondAngle="109.5" bondLength="1.09" bondTorsion="60.0" chain="E" identity=" HA " index="12" type="H1"/>
      <atom atmCharge="0.6631" bond12="11" bond13="1" bond14="-1" bondAngle="109.5" bondLength="1.522" bondTorsion="300.0" chain="M" identity=" C  " index="13" type="C"/>
      <atom atmCharge="-0.7697" bond12="13" bond13="11" bond14="1" bondAngle="120.5" bondLength="1.229" bondTorsion="0.0" chain="E" identity=" O  " index="14" type="O2"/>
      <atom atmCharge="-0.7697" bond12="13" bond13="11" bond14="1" bondAngle="120.5" bondLength="1.229" bondTorsion="180.0" chain="E" identity=" OXT" index="15" type="O2"/>
      <alias alias="2HB " original=" HB2"/>
      <alias alias="3HD " original=" HD3"/>
      <alias alias="3HG " original=" HG3"/>
      <alias alias="2HD " original=" HD2"/>
      <alias alias="2HG " original=" HG2"/>
      <alias alias="3HB " original=" HB3"/>
      <loop Atom1="11" Atom2="8"/>
      <improper Atom1="11" Atom2="15" Atom3="13" Atom4="14"/>
      <improper Atom1="-1" Atom2="2" Atom3="1" Atom4="11"/>
    </fragment>
    <fragment identity="CYSTEINE COO- ANION" symbol="CYS" character="C" type="e">
      <atom atmCharge="-0.3821" bond12="-1" bond13="-2" bond14="-3" bondAngle="116.6" bondLength="1.335" bondTorsion="180.0" chain="M" identity=" N  " index="1" type="N"/>
      <atom atmCharge="0.2681" bond12="1" bond13="-1" bond14="-2" bondAngle="119.8" bondLength="1.01" bondTorsion="0.0" chain="E" identity=" H  " index="2" type="H"/>
      <atom atmCharge="-0.1635" bond12="1" bond13="-1" bond14="-2" bondAngle="121.9" bondLength="1.449" bondTorsion="180.0" chain="M" identity=" CA " index="3" type="CT"/>
      <atom atmCharge="0.1396" bond12="3" bond13="1" bond14="-1" bondAngle="109.5" bondLength="1.09" bondTorsion="300.0" chain="E" identity=" HA " index="4" type="H1"/>
      <atom atmCharge="-0.1996" bond12="3" bond13="1" bond14="-1" bondAngle="111.1" bondLength="1.525" bondTorsion="60.0" chain="3" identity=" CB " index="5" type="CT"/>
      <atom atmCharge="0.1437" bond12="5" bond13="3" bond14="1" bondAngle="109.5" bondLength="1.09" bondTorsion="300.0" chain="E" identity=" HB2" index="6" type="H1"/>
      <atom atmCharge="0.1437" bond12="5" bond13="3" bond14="1" bondAngle="109.5" bondLength="1.09" bondTorsion="60.0" chain="E" identity=" HB3" index="7" type="H1"/>
      <atom atmCharge="-0.3102" bond12="5" bond13="3" bond14="1" bondAngle="116.0" bondLength="1.81" bondTorsion="180.0" chain="S" identity=" SG " index="8" type="SH"/>
      <atom atmCharge="0.2068" bond12="8" bond13="5" bond14="3" bondAngle="96.0" bondLength="1.33" bondTorsion="180.0" chain="E" identity=" HSG" index="9" type="HS"/>
      <atom atmCharge="0.7497" bond12="3" bond13="1" bond14="-1" bondAngle="111.1" bondLength="1.522" bondTorsion="180.0" chain="M" identity=" C  " index="10" type="C"/>
      <atom atmCharge="-0.7981" bond12="10" bond13="3" bond14="1" bondAngle="120.5" bondLength="1.229" bondTorsion="0.0" chain="E" identity=" O  " index="11" type="O2"/>
      <atom atmCharge="-0.7981" bond12="10" bond13="3" bond14="1" bondAngle="120.5" bondLength="1.229" bondTorsion="180.0" chain="E" identity=" OXT" index="12" type="O2"/>
      <alias alias=" HG " original=" HSG"/>
      <alias alias="HG  " original=" HSG"/>
      <alias alias="3HB " original=" HB3"/>
      <alias alias="2HB " original=" HB2"/>
      <improper Atom1="-1" Atom2="3" Atom3="1" Atom4="2"/>
      <improper Atom1="3" Atom2="12" Atom3="10" Atom4="11"/>
    </fragment>
    <fragment identity="CYSTINE(S-S BRIDGE) COO- ANION" symbol="CYX" character="C" type="e">
      <atom atmCharge="-0.3821" bond12="-1" bond13="-2" bond14="-3" bondAngle="116.6" bondLength="1.335" bondTorsion="180.0" chain="M" identity=" N  " index="1" type="N"/>
      <atom atmCharge="0.2681" bond12="1" bond13="-1" bond14="-2" bondAngle="119.8" bondLength="1.01" bondTorsion="0.0" chain="E" identity=" H  " index="2" type="H"/>
      <atom atmCharge="-0.1318" bond12="1" bond13="-1" bond14="-2" bondAngle="121.9" bondLength="1.449" bondTorsion="180.0" chain="M" identity=" CA " index="3" type="CT"/>
      <atom atmCharge="0.0938" bond12="3" bond13="1" bond14="-1" bondAngle="109.5" bondLength="1.09" bondTorsion="300.0" chain="E" identity=" HA " index="4" type="H1"/>
      <atom atmCharge="-0.1943" bond12="3" bond13="1" bond14="-1" bondAngle="111.1" bondLength="1.525" bondTorsion="60.0" chain="3" identity=" CB " index="5" type="CT"/>
      <atom atmCharge="0.1228" bond12="5" bond13="3" bond14="1" bondAngle="109.5" bondLength="1.09" bondTorsion="300.0" chain="E" identity=" HB2" index="6" type="H1"/>
      <atom atmCharge="0.1228" bond12="5" bond13="3" bond14="1" bondAngle="109.5" bondLength="1.09" bondTorsion="60.0" chain="E" identity=" HB3" index="7" type="H1"/>
      <atom atmCharge="-0.0529" bond12="5" bond13="3" bond14="1" bondAngle="116.0" bondLength="1.81" bondTorsion="180.0" chain="E" identity=" SG " index="8" type="S"/>
      <atom atmCharge="0.7618" bond12="3" bond13="1" bond14="-1" bondAngle="111.1" bondLength="1.522" bondTorsion="180.0" chain="M" identity=" C  " index="9" type="C"/>
      <atom atmCharge="-0.8041" bond12="9" bond13="3" bond14="1" bondAngle="120.5" bondLength="1.229" bondTorsion="0.0" chain="E" identity=" O  " index="10" type="O2"/>
      <atom atmCharge="-0.8041" bond12="9" bond13="3" bond14="1" bondAngle="120.5" bondLength="1.229" bondTorsion="180.0" chain="E" identity=" OXT" index="11" type="O2"/>
      <alias alias="3HB " original=" HB3"/>
      <alias alias="2HB " original=" HB2"/>
      <improper Atom1="-1" Atom2="3" Atom3="1" Atom4="2"/>
      <improper Atom1="3" Atom2="11" Atom3="9" Atom4="10"/>
    </fragment>
    <fragment identity="METHIONINE COO- ANION" symbol="MET" character="M" type="e">
      <atom atmCharge="-0.3821" bond12="-1" bond13="-2" bond14="-3" bondAngle="116.6" bondLength="1.335" bondTorsion="180.0" chain="M" identity=" N  " index="1" type="N"/>
      <atom atmCharge="0.2681" bond12="1" bond13="-1" bond14="-2" bondAngle="119.8" bondLength="1.01" bondTorsion="0.0" chain="E" identity=" H  " index="2" type="H"/>
      <atom atmCharge="-0.2597" bond12="1" bond13="-1" bond14="-2" bondAngle="121.9" bondLength="1.449" bondTorsion="180.0" chain="M" identity=" CA " index="3" type="CT"/>
      <atom atmCharge="0.1277" bond12="3" bond13="1" bond14="-1" bondAngle="109.5" bondLength="1.09" bondTorsion="300.0" chain="E" identity=" HA " index="4" type="H1"/>
      <atom atmCharge="-0.0236" bond12="3" bond13="1" bond14="-1" bondAngle="111.1" bondLength="1.525" bondTorsion="60.0" chain="3" identity=" CB " index="5" type="CT"/>
      <atom atmCharge="0.048" bond12="5" bond13="3" bond14="1" bondAngle="109.5" bondLength="1.09" bondTorsion="300.0" chain="E" identity=" HB2" index="6" type="HC"/>
      <atom atmCharge="0.048" bond12="5" bond13="3" bond14="1" bondAngle="109.5" bondLength="1.09" bondTorsion="60.0" chain="E" identity=" HB3" index="7" type="HC"/>
      <atom atmCharge="0.0492" bond12="5" bond13="3" bond14="1" bondAngle="109.47" bondLength="1.525" bondTorsion="180.0" chain="3" identity=" CG " index="8" type="CT"/>
      <atom atmCharge="0.0317" bond12="8" bond13="5" bond14="3" bondAngle="109.5" bondLength="1.09" bondTorsion="300.0" chain="E" identity=" HG2" index="9" type="H1"/>
      <atom atmCharge="0.0317" bond12="8" bond13="5" bond14="3" bondAngle="109.5" bondLength="1.09" bondTorsion="60.0" chain="E" identity=" HG3" index="10" type="H1"/>
      <atom atmCharge="-0.2692" bond12="8" bond13="5" bond14="3" bondAngle="110.0" bondLength="1.81" bondTorsion="180.0" chain="S" identity=" SD " index="11" type="S"/>
      <atom atmCharge="-0.0376" bond12="11" bond13="8" bond14="5" bondAngle="100.0" bondLength="1.78" bondTorsion="180.0" chain="3" identity=" CE " index="12" type="CT"/>
      <atom atmCharge="0.0625" bond12="12" bond13="11" bond14="8" bondAngle="109.5" bondLength="1.09" bondTorsion="60.0" chain="E" identity=" HE1" index="13" type="H1"/>
      <atom atmCharge="0.0625" bond12="12" bond13="11" bond14="8" bondAngle="109.5" bondLength="1.09" bondTorsion="180.0" chain="E" identity=" HE2" index="14" type="H1"/>
      <atom atmCharge="0.0625" bond12="12" bond13="11" bond14="8" bondAngle="109.5" bondLength="1.09" bondTorsion="300.0" chain="E" identity=" HE3" index="15" type="H1"/>
      <atom atmCharge="0.8013" bond12="3" bond13="1" bond14="-1" bondAngle="111.1" bondLength="1.522" bondTorsion="180.0" chain="M" identity=" C  " index="16" type="C"/>
      <atom atmCharge="-0.8105" bond12="16" bond13="3" bond14="1" bondAngle="120.5" bondLength="1.229" bondTorsion="0.0" chain="E" identity=" O  " index="17" type="O2"/>
      <atom atmCharge="-0.8105" bond12="16" bond13="3" bond14="1" bondAngle="120.5" bondLength="1.229" bondTorsion="180.0" chain="E" identity=" OXT" index="18" type="O2"/>
      <alias alias="3HE " original=" HE3"/>
      <alias alias="2HB " original=" HB2"/>
      <alias alias="3HG " original=" HG3"/>
      <alias alias="1HE " original=" HE1"/>
      <alias alias="2HE " original=" HE2"/>
      <alias alias="2HG " original=" HG2"/>
      <alias alias="3HB " original=" HB3"/>
      <improper Atom1="-1" Atom2="3" Atom3="1" Atom4="2"/>
      <improper Atom1="3" Atom2="18" Atom3="16" Atom4="17"/>
    </fragment>
  </group>
</stdLib>
