<?xml version="1.0" ?>
<parms name="metals">
  <types>
    <entry mass="55.845" name="FE" vdwRadius="0.0" potentialWellDepth="0.0" element="Fe" hybridization="sp3" description="FE ...."/>

    <entry mass="58.9332" name="CO" vdwRadius="0.0" potentialWellDepth="0.0" element="Co" hybridization="sp3" description="CO ...."/>

    <entry mass="58.6934" name="NI" vdwRadius="0.0" potentialWellDepth="0.0" element="Ni" hybridization="sp3" description="NI ...."/>

    <entry mass="63.55" name="U1" vdwRadius="1.2" potentialWellDepth="0.05" element="Cu" hybridization="s" description="Cu(I)"/>

    <entry mass="63.55" name="CU" vdwRadius="1.2" potentialWellDepth="0.05" element="Cu" hybridization="s" description="Cu(II), Remenyi, J Comp chem,23,697"/>

    <entry mass="65.40" name="ZN" vdwRadius="1.1" potentialWellDepth="0.0125" element="Zn" hybridization="sp3" description="Zn(II), Merz, PAK, JACS,113,8262"/>
    <entry mass="95.96" name="MO" vdwRadius="0.0" potentialWellDepth="0.0" element="Mo" hybridization="sp3" description="Molybdenum"/>
    <entry mass="101.07" name="RU" vdwRadius="1.1" potentialWellDepth="0.0125" element="Ru" hybridization="sp3" description="Ru ..."/>

  </types>
</parms>
