<?xml version="1.0" ?>
<stdLib>
    <group identity="metals2">
        <fragment identity="Be(II) Ion" symbol=" BE" code="METSM BE" type="m">
            <atom identity="BE  " atNum="4" index="1" type="BE" symbol="Be" chain="M" atmCharge="2" bond12="-1" bondLength="1" bond13="-2" bondAngle="90" bond14="-3" bondTorsion="180" kind="0" bType="1" bTop="2" bKind="0" />
            <alias alias=" BE " original="BE  "/>
            <alias alias="  BE" original="BE  "/>
        </fragment>
        <fragment identity="Cu(II) Ion" symbol=" CU" code="METSM CU" type="m">
            <atom identity="CU  " atNum="29" index="1" type="CU" symbol="Cu" chain="M" atmCharge="2" bond12="-1" bondLength="1" bond13="-2" bondAngle="90" bond14="-3" bondTorsion="180" kind="0" bType="1" bTop="2" bKind="0" />
            <alias alias=" CU " original="CU  "/>
            <alias alias="  CU" original="CU  "/>
        </fragment>
        <fragment identity="Ni(II) Ion" symbol=" NI" code="METSM NI" type="m">
            <atom identity="NI  " atNum="28" index="1" type="NI" symbol="Ni" chain="M" atmCharge="2" bond12="-1" bondLength="1" bond13="-2" bondAngle="90" bond14="-3" bondTorsion="180" kind="0" bType="1" bTop="2" bKind="0" />
            <alias alias=" NI " original="NI  "/>
            <alias alias="  NI" original="NI  "/>
        </fragment>
        <fragment identity="Pt(II) Ion" symbol=" PT" code="METSM PT" type="m">
            <atom identity="PT  " atNum="78" index="1" type="PT" symbol="Pt" chain="M" atmCharge="2" bond12="-1" bondLength="1" bond13="-2" bondAngle="90" bond14="-3" bondTorsion="180" kind="0" bType="1" bTop="2" bKind="0" />
            <alias alias=" PT " original="PT  "/>
            <alias alias="  PT" original="PT  "/>
        </fragment>
        <fragment identity="Zn(II) Ion" symbol=" ZN" code="METSM ZN" type="m">
            <atom identity="ZN  " atNum="30" index="1" type="ZN" symbol="Zn" chain="M" atmCharge="2" bond12="-1" bondLength="1" bond13="-2" bondAngle="90" bond14="-3" bondTorsion="180" kind="0" bType="1" bTop="2" bKind="0" />
            <alias alias=" ZN " original="ZN  "/>
            <alias alias="  ZN" original="ZN  "/>
        </fragment>
        <fragment identity="Co(II) Ion" symbol=" CO" code="METSM CO" type="m">
            <atom identity="CO  " atNum="27" index="1" type="CO" symbol="Co" chain="M" atmCharge="2" bond12="-1" bondLength="1" bond13="-2" bondAngle="90" bond14="-3" bondTorsion="180" kind="0" bType="1" bTop="2" bKind="0" />
            <alias alias=" CO " original="CO  "/>
            <alias alias="  CO" original="CO  "/>
        </fragment>
        <fragment identity="Pd(II) Ion" symbol=" PD" code="METSM PD" type="m">
            <atom identity="PD  " atNum="46" index="1" type="PD" symbol="Pd" chain="M" atmCharge="2" bond12="-1" bondLength="1" bond13="-2" bondAngle="90" bond14="-3" bondTorsion="180" kind="0" bType="1" bTop="2" bKind="0" />
            <alias alias=" PD " original="PD  "/>
            <alias alias="  PD" original="PD  "/>
        </fragment>
        <fragment identity="Ag(II) Ion" symbol=" AG" code="METSM AG" type="m">
            <atom identity="AG  " atNum="47" index="1" type="AG" symbol="Ag" chain="M" atmCharge="2" bond12="-1" bondLength="1" bond13="-2" bondAngle="90" bond14="-3" bondTorsion="180" kind="0" bType="1" bTop="2" bKind="0" />
            <alias alias=" AG " original="AG  "/>
            <alias alias="  AG" original="AG  "/>
        </fragment>
        <fragment identity="Cr(II) Ion" symbol=" CR" code="METSM CR" type="m">
            <atom identity="CR  " atNum="24" index="1" type="CR" symbol="Cr" chain="M" atmCharge="2" bond12="-1" bondLength="1" bond13="-2" bondAngle="90" bond14="-3" bondTorsion="180" kind="0" bType="1" bTop="2" bKind="0" />
            <alias alias=" CR " original="CR  "/>
            <alias alias="  CR" original="CR  "/>
        </fragment>
        <fragment identity="Fe(II) Ion" symbol=" FE" code="METSM FE" type="m">
            <atom identity="FE  " atNum="26" index="1" type="FE" symbol="Fe" chain="M" atmCharge="2" bond12="-1" bondLength="1" bond13="-2" bondAngle="90" bond14="-3" bondTorsion="180" kind="0" bType="1" bTop="2" bKind="0" />
            <alias alias=" FE " original="FE  "/>
            <alias alias="  FE" original="FE  "/>
        </fragment>
        <fragment identity="Mg(II) Ion" symbol=" MG" code="METSM MG" type="m">
            <atom identity="MG  " atNum="12" index="1" type="MG" symbol="Mg" chain="M" atmCharge="2" bond12="-1" bondLength="1" bond13="-2" bondAngle="90" bond14="-3" bondTorsion="180" kind="0" bType="1" bTop="2" bKind="0" />
            <alias alias=" MG " original="MG  "/>
            <alias alias="  MG" original="MG  "/>
        </fragment>
        <fragment identity="V(II) Ion" symbol="  V" code="METSM  V" type="m">
            <atom identity="V   " atNum="23" index="1" type="V" symbol="V" chain="M" atmCharge="2" bond12="-1" bondLength="1" bond13="-2" bondAngle="90" bond14="-3" bondTorsion="180" kind="0" bType="1" bTop="2" bKind="0" />
            <alias alias=" V " original="V  "/>
            <alias alias="  V" original="V  "/>
        </fragment>
        <fragment identity="Mn(II) Ion" symbol=" MN" code="METSM MN" type="m">
            <atom identity="MN  " atNum="25" index="1" type="MN" symbol="Mn" chain="M" atmCharge="2" bond12="-1" bondLength="1" bond13="-2" bondAngle="90" bond14="-3" bondTorsion="180" kind="0" bType="1" bTop="2" bKind="0" />
            <alias alias=" MN " original="MN  "/>
            <alias alias="  MN" original="MN  "/>
        </fragment>
        <fragment identity="Hg(II) Ion" symbol=" HG" code="METSM HG" type="m">
            <atom identity="HG  " atNum="80" index="1" type="HG" symbol="Hg" chain="M" atmCharge="2" bond12="-1" bondLength="1" bond13="-2" bondAngle="90" bond14="-3" bondTorsion="180" kind="0" bType="1" bTop="2" bKind="0" />
            <alias alias=" HG " original="HG  "/>
            <alias alias="  HG" original="HG  "/>
        </fragment>
        <fragment identity="Cd(II) Ion" symbol=" CD" code="METSM CD" type="m">
            <atom identity="CD  " atNum="48" index="1" type="CD" symbol="Cd" chain="M" atmCharge="2" bond12="-1" bondLength="1" bond13="-2" bondAngle="90" bond14="-3" bondTorsion="180" kind="0" bType="1" bTop="2" bKind="0" />
            <alias alias=" CD " original="CD  "/>
            <alias alias="  CD" original="CD  "/>
        </fragment>
        <fragment identity="Yb(II) Ion" symbol=" YB" code="METSM YB" type="m">
            <atom identity="YB  " atNum="70" index="1" type="YB" symbol="Yb" chain="M" atmCharge="2" bond12="-1" bondLength="1" bond13="-2" bondAngle="90" bond14="-3" bondTorsion="180" kind="0" bType="1" bTop="2" bKind="0" />
            <alias alias=" YB " original="YB  "/>
            <alias alias="  YB" original="YB  "/>
        </fragment>
        <fragment identity="Ca(II) Ion" symbol=" CA" code="METSM CA" type="m">
            <atom identity="C0  " atNum="20" index="1" type="CA" symbol="Ca" chain="M" atmCharge="2" bond12="-1" bondLength="1" bond13="-2" bondAngle="90" bond14="-3" bondTorsion="180" kind="0" bType="1" bTop="2" bKind="0" />
            <alias alias=" C0 " original="C0  "/>
            <alias alias="  C0" original="C0  "/>
        </fragment>
        <fragment identity="Sn(II) Ion" symbol=" SN" code="METSM SN" type="m">
            <atom identity="SN  " atNum="50" index="1" type="SN" symbol="Sn" chain="M" atmCharge="2" bond12="-1" bondLength="1" bond13="-2" bondAngle="90" bond14="-3" bondTorsion="180" kind="0" bType="1" bTop="2" bKind="0" />
            <alias alias=" SN " original="SN  "/>
            <alias alias="  SN" original="SN  "/>
        </fragment>
        <fragment identity="Pb(II) Ion" symbol=" PB" code="METSM PB" type="m">
            <atom identity="PB  " atNum="82" index="1" type="PB" symbol="Pb" chain="M" atmCharge="2" bond12="-1" bondLength="1" bond13="-2" bondAngle="90" bond14="-3" bondTorsion="180" kind="0" bType="1" bTop="2" bKind="0" />
            <alias alias=" PB " original="PB  "/>
            <alias alias="  PB" original="PB  "/>
        </fragment>
        <fragment identity="Eu(II) Ion" symbol=" EU" code="METSM EU" type="m">
            <atom identity="EU  " atNum="63" index="1" type="EU" symbol="Eu" chain="M" atmCharge="2" bond12="-1" bondLength="1" bond13="-2" bondAngle="90" bond14="-3" bondTorsion="180" kind="0" bType="1" bTop="2" bKind="0" />
            <alias alias=" EU " original="EU  "/>
            <alias alias="  EU" original="EU  "/>
        </fragment>
        <fragment identity="Sr(II) Ion" symbol=" SR" code="METSM SR" type="m">
            <atom identity="SR  " atNum="38" index="1" type="SR" symbol="Sr" chain="M" atmCharge="2" bond12="-1" bondLength="1" bond13="-2" bondAngle="90" bond14="-3" bondTorsion="180" kind="0" bType="1" bTop="2" bKind="0" />
            <alias alias=" SR " original="SR  "/>
            <alias alias="  SR" original="SR  "/>
        </fragment>
        <fragment identity="Sm(II) Ion" symbol=" SM" code="METSM SM" type="m">
            <atom identity="SM  " atNum="62" index="1" type="SM" symbol="Sm" chain="M" atmCharge="2" bond12="-1" bondLength="1" bond13="-2" bondAngle="90" bond14="-3" bondTorsion="180" kind="0" bType="1" bTop="2" bKind="0" />
            <alias alias=" SM " original="SM  "/>
            <alias alias="  SM" original="SM  "/>
        </fragment>
        <fragment identity="Ba(II) Ion" symbol=" BA" code="METSM BA" type="m">
            <atom identity="BA  " atNum="56" index="1" type="BA" symbol="Ba" chain="M" atmCharge="2" bond12="-1" bondLength="1" bond13="-2" bondAngle="90" bond14="-3" bondTorsion="180" kind="0" bType="1" bTop="2" bKind="0" />
            <alias alias=" BA " original="BA  "/>
            <alias alias="  BA" original="BA  "/>
        </fragment>
        <fragment identity="Ra(II) Ion" symbol=" RA" code="METSM RA" type="m">
            <atom identity="RA  " atNum="88" index="1" type="RA" symbol="Ra" chain="M" atmCharge="2" bond12="-1" bondLength="1" bond13="-2" bondAngle="90" bond14="-3" bondTorsion="180" kind="0" bType="1" bTop="2" bKind="0" />
            <alias alias=" RA " original="RA  "/>
            <alias alias="  RA" original="RA  "/>
        </fragment>
        <fragment code="METSMCUI" identity="Copper(I) Ion" symbol="CUI" type="m">
            <atom atNum="29" atmCharge="1.0" bond12="-1" bond13="-2" bond14="-3" bondAngle="90.0" bondLength="1.0" bondTorsion="180.0" chain="M" identity="CU  " index="1" type="U1" symbol="Cu" kind="0"/>
            <alias alias=" CU " original="CU  "/>
            <alias alias="  CU" original="CU  "/>
        </fragment>
        <fragment code="METSMMO3" identity="Molybdenum(III) Ion" symbol="MO3" type="m">
            <atom atNum="42" atmCharge="3.0" bond12="-1" bond13="-2" bond14="-3" bondAngle="109.5" bondLength="1.0" bondTorsion="180.0" chain="M" identity="MO  " index="1" type="MO" symbol="Mo" kind="0"/>
            <alias alias=" MO " original="MO  "/>
            <alias alias="  MO" original="MO  "/>
        </fragment>
        <fragment code="METSMMO4" identity="Molybdenum(IV) Ion" symbol="MO4" type="m">
            <atom atNum="42" atmCharge="4.0" bond12="-1" bond13="-2" bond14="-3" bondAngle="90.0" bondLength="1.0" bondTorsion="180.0" chain="M" identity="MO  " index="1" type="MO" symbol="Mo" kind="0"/>
            <alias alias=" MO " original="MO  "/>
            <alias alias="  MO" original="MO  "/>
        </fragment>
        <fragment code="METSMMO6" identity="Molybdenum(VI) Ion" symbol="MO6" type="m">
            <atom atNum="42" atmCharge="6.0" bond12="-1" bond13="-2" bond14="-3" bondAngle="90.0" bondLength="1.0" bondTorsion="180.0" chain="M" identity="MO  " index="1" type="MO" symbol="Mo" kind="0"/>
            <alias alias=" MO " original="MO  "/>
            <alias alias="  MO" original="MO  "/>
            </fragment>
        <fragment code="METSM RU" identity="Ruthenium(II) Ion" symbol=" RU" type="m">
            <atom atNum="44" atmCharge="2.0" bond12="-1" bond13="-2" bond14="-3" bondAngle="90.0" bondLength="1.0" bondTorsion="180.0" chain="M" identity="RU  " index="1" type="RU" symbol="Ru" kind="0"/>
            <alias alias=" RU " original="RU  "/>
            <alias alias="  RU" original="RU  "/>
        </fragment>
    </group>
</stdLib>
