<?xml version="1.0" encoding="UTF-8" standalone="no" ?>
<stdLib>

  <group identity="2PtLinkers">
    <fragment code="2PL00AK3" identity="alkene" symbol="AK3">
      <atom atNum="6" atmCharge="0.20172" bTop="2" bType="1" bond12="-1" bond13="-2" bond14="-3" bondAngle="111.208" bondLength="1.54" bondTorsion="180" chain="M" hybridization="sp2" identity=" C  " index="1" kind="3" symbol="C" type="c2"/>
      <atom atNum="6" atmCharge="-0.60662" bTop="2" bType="2" bond12="1" bond13="-1" bond14="-2" bondAngle="90" bondLength="1.321" bondTorsion="-90" chain="M" hybridization="sp2" identity=" C1 " index="2" kind="2" symbol="C" type="c2"/>
      <atom atNum="1" atmCharge="0.20245" bTop="0" bType="1" bond12="2" bond13="1" bond14="-1" bondAngle="121.785" bondLength="1.076" bondTorsion="-0" chain="E" hybridization="s" identity=" H  " index="3" kind="1" symbol="H" type="ha"/>
      <atom atNum="1" atmCharge="0.20245" bTop="0" bType="1" bond12="2" bond13="1" bond14="-1" bondAngle="121.785" bondLength="1.076" bondTorsion="-180" chain="E" hybridization="s" identity=" H1 " index="4" kind="1" symbol="H" type="ha"/>
      <improper Atom1="1" Atom2="3" Atom3="2" Atom4="4"/>
      <connectionPoints atoms="1 1 "/>
    </fragment>
    <fragment code="2PL00AKY" identity="alkyne" symbol="AKY">
      <atom atNum="6" atmCharge="0" bTop="2" bType="1" bond12="-1" bond13="-2" bond14="-3" bondAngle="111.208" bondLength="1.54" bondTorsion="180" chain="M" hybridization="sp" identity=" C1 " index="1" kind="3" symbol="C" type="c1"/>
      <atom atNum="6" atmCharge="0" bTop="2" bType="3" bond12="1" bond13="-1" bond14="-2" bondAngle="61.111" bondLength="1.188" bondTorsion="158.219" chain="M" hybridization="sp" identity=" C2 " index="2" kind="3" symbol="C" type="c1"/>
      <connectionPoints atoms="1 2 "/>
    </fragment>
    <fragment code="2PL00AAA" identity="alphaAminoAcid" symbol="AAA">
      <atom atNum="6" atmCharge="0.19628" bTop="2" bType="1" bond12="-1" bond13="-2" bond14="-3" bondAngle="111.208" bondLength="1.54" bondTorsion="180" chain="M" hybridization="sp3" identity=" C1 " index="1" kind="3" symbol="C" type="c3"/>
      <atom atNum="6" atmCharge="0.64861" bTop="2" bType="1" bond12="1" bond13="-1" bond14="-2" bondAngle="147.629" bondLength="1.52" bondTorsion="-92.746" chain="B" hybridization="sp2" identity=" C  " index="2" kind="3" symbol="C" type="c"/>
      <atom atNum="8" atmCharge="-0.6975" bTop="2" bType="1" bond12="2" bond13="1" bond14="-1" bondAngle="112.048" bondLength="1.334" bondTorsion="45.507" chain="S" hybridization="sp3" identity=" O  " index="3" kind="2" symbol="O" type="oh"/>
      <atom atNum="1" atmCharge="0.48728" bTop="0" bType="1" bond12="3" bond13="2" bond14="1" bondAngle="108.136" bondLength="0.952" bondTorsion="179.494" chain="E" hybridization="s" identity=" H  " index="4" kind="1" symbol="H" type="ho"/>
      <atom atNum="8" atmCharge="-0.54524" bTop="2" bType="2" bond12="2" bond13="1" bond14="-1" bondAngle="125.999" bondLength="1.186" bondTorsion="-136.709" chain="E" hybridization="sp2" identity=" O1 " index="5" kind="2" symbol="O" type="o"/>
      <atom atNum="1" atmCharge="0.06729" bTop="0" bType="1" bond12="1" bond13="-1" bond14="-2" bondAngle="90.679" bondLength="1.096" bondTorsion="27.664" chain="E" hybridization="s" identity=" H8 " index="6" kind="1" symbol="H" type="h1"/>
      <atom atNum="7" atmCharge="-0.53941" bTop="2" bType="1" bond12="1" bond13="-1" bond14="-2" bondAngle="39.008" bondLength="1.453" bondTorsion="-96.845" chain="M" hybridization="sp3" identity=" N  " index="7" kind="3" symbol="N" type="n3"/>
      <atom atNum="1" atmCharge="0.38269" bTop="0" bType="1" bond12="7" bond13="1" bond14="-1" bondAngle="109.267" bondLength="1" bondTorsion="130.573" chain="E" hybridization="s" identity=" H1 " index="8" kind="1" symbol="H" type="hn"/>
      <improper Atom1="1" Atom2="5" Atom3="2" Atom4="3"/>
      <connectionPoints atoms="1 7 "/>
      <feature atoms="3" identity="HBA"/>
      <feature atoms="5" identity="HBA"/>
      <feature atoms="3" identity="HBD"/>
      <feature atoms="7" identity="HBD"/>
    </fragment>
    <fragment code="2PL00ANH" identity="anhydride" symbol="ANH">
      <atom atNum="6" atmCharge="0.80432" bTop="2" bType="1" bond12="-1" bond13="-2" bond14="-3" bondAngle="111.208" bondLength="1.54" bondTorsion="180" chain="M" hybridization="sp2" identity=" C  " index="1" kind="3" symbol="C" type="c"/>
      <atom atNum="8" atmCharge="-0.52865" bTop="2" bType="2" bond12="1" bond13="-1" bond14="-2" bondAngle="129.658" bondLength="1.175" bondTorsion="38.403" chain="E" hybridization="sp2" identity=" O1 " index="2" kind="2" symbol="O" type="o"/>
      <atom atNum="8" atmCharge="-0.55135" bTop="2" bType="1" bond12="1" bond13="-1" bond14="-2" bondAngle="98.382" bondLength="1.365" bondTorsion="-108.475" chain="M" hybridization="sp3" identity=" O  " index="3" kind="3" symbol="O" type="os"/>
      <atom atNum="6" atmCharge="0.80432" bTop="2" bType="1" bond12="3" bond13="1" bond14="-1" bondAngle="122.091" bondLength="1.365" bondTorsion="-179.424" chain="M" hybridization="sp2" identity=" C1 " index="4" kind="3" symbol="C" type="c"/>
      <atom atNum="8" atmCharge="-0.52865" bTop="2" bType="2" bond12="4" bond13="3" bond14="1" bondAngle="122.967" bondLength="1.175" bondTorsion="30.841" chain="E" hybridization="sp2" identity=" O2 " index="5" kind="2" symbol="O" type="o"/>
      <improper Atom1="p1" Atom2="2" Atom3="1" Atom4="3"/>
      <improper Atom1="n1" Atom2="5" Atom3="4" Atom4="3"/>
      <connectionPoints atoms="1 4 "/>
      <feature atoms="2" identity="HBA"/>
      <feature atoms="3" identity="HBA"/>
      <feature atoms="5" identity="HBA"/>
    </fragment>
    <fragment code="2PL00AZO" identity="azo" symbol="AZO">
      <atom atNum="7" atmCharge="0" bTop="2" bType="1" bond12="-1" bond13="-2" bond14="-3" bondAngle="111.208" bondLength="1.54" bondTorsion="180" chain="M" hybridization="sp2" identity=" N  " index="1" kind="7" symbol="N" type="n2"/>
      <atom atNum="7" atmCharge="0" bTop="2" bType="2" bond12="1" bond13="-1" bond14="-2" bondAngle="152.779" bondLength="1.211" bondTorsion="-90" chain="M" hybridization="sp2" identity=" N1 " index="2" kind="7" symbol="N" type="n2"/>
      <connectionPoints atoms="1 2 "/>
      <feature atoms="1" identity="HBA"/>
      <feature atoms="2" identity="HBA"/>
    </fragment>
    <fragment code="2PL00CBA" identity="carbamicAcid" symbol="CBA">
      <atom atNum="7" atmCharge="0.11656" bTop="2" bType="1" bond12="-1" bond13="-2" bond14="-3" bondAngle="111.208" bondLength="1.54" bondTorsion="180" chain="M" hybridization="sp3" identity=" N  " index="1" kind="3" symbol="N" type="n"/>
      <atom atNum="6" atmCharge="0.70257" bTop="2" bType="1" bond12="1" bond13="-1" bond14="-2" bondAngle="25.575" bondLength="1.346" bondTorsion="90" chain="M" hybridization="sp2" identity=" C2 " index="2" kind="3" symbol="C" type="c"/>
      <atom atNum="8" atmCharge="-0.64584" bTop="2" bType="1" bond12="2" bond13="1" bond14="-1" bondAngle="113.214" bondLength="1.335" bondTorsion="180" chain="S" hybridization="sp3" identity=" O  " index="3" kind="2" symbol="O" type="oh"/>
      <atom atNum="1" atmCharge="0.46523" bTop="0" bType="1" bond12="3" bond13="2" bond14="1" bondAngle="106.417" bondLength="0.951" bondTorsion="-180" chain="E" hybridization="s" identity=" H6 " index="4" kind="1" symbol="H" type="ho"/>
      <atom atNum="8" atmCharge="-0.63853" bTop="2" bType="2" bond12="2" bond13="1" bond14="-1" bondAngle="125.574" bondLength="1.2" bondTorsion="0" chain="E" hybridization="sp2" identity=" O1 " index="5" kind="2" symbol="O" type="o"/>
      <improper Atom1="1" Atom2="5" Atom3="2" Atom4="3"/>
      <connectionPoints atoms="1 1 "/>
      <feature atoms="3" identity="HBA"/>
      <feature atoms="5" identity="HBA"/>
      <feature atoms="3" identity="HBD"/>
    </fragment>
    <fragment code="2PL00CBB" identity="carbamicAcidBromide" symbol="CBB">
      <atom atNum="7" atmCharge="0.24051" bTop="2" bType="1" bond12="-1" bond13="-2" bond14="-3" bondAngle="111.208" bondLength="1.54" bondTorsion="180" chain="M" hybridization="sp3" identity=" N  " index="1" kind="3" symbol="N" type="n"/>
      <atom atNum="6" atmCharge="0.33636" bTop="2" bType="1" bond12="1" bond13="-1" bond14="-2" bondAngle="42.917" bondLength="1.338" bondTorsion="36.656" chain="M" hybridization="sp2" identity=" C2 " index="2" kind="2" symbol="C" type="c"/>
      <atom atNum="35" atmCharge="-0.12948" bTop="2" bType="1" bond12="2" bond13="1" bond14="-1" bondAngle="114.206" bondLength="1.956" bondTorsion="139.255" chain="E" hybridization="sp3" identity=" Br " index="3" kind="2" symbol="Br" type="br"/>
      <atom atNum="8" atmCharge="-0.44739" bTop="2" bType="2" bond12="2" bond13="1" bond14="-1" bondAngle="127.826" bondLength="1.179" bondTorsion="-40.723" chain="E" hybridization="sp2" identity=" O  " index="4" kind="2" symbol="O" type="o"/>
      <improper Atom1="3" Atom2="1" Atom3="2" Atom4="4"/>
      <connectionPoints atoms="1 1 "/>
      <feature atoms="4" identity="HBA"/>
    </fragment>
    <fragment code="2PL00CBC" identity="carbamicAcidChloride" symbol="CBC">
      <atom atNum="7" atmCharge="0.20364" bTop="2" bType="1" bond12="-1" bond13="-2" bond14="-3" bondAngle="111.208" bondLength="1.54" bondTorsion="180" chain="M" hybridization="sp3" identity=" N  " index="1" kind="3" symbol="N" type="n"/>
      <atom atNum="6" atmCharge="0.43326" bTop="2" bType="1" bond12="1" bond13="-1" bond14="-2" bondAngle="44.209" bondLength="1.342" bondTorsion="35.168" chain="M" hybridization="sp2" identity=" C2 " index="2" kind="2" symbol="C" type="c"/>
      <atom atNum="17" atmCharge="-0.15478" bTop="2" bType="1" bond12="2" bond13="1" bond14="-1" bondAngle="114.013" bondLength="1.779" bondTorsion="137.611" chain="E" hybridization="sp3" identity=" Cl " index="3" kind="2" symbol="Cl" type="cl"/>
      <atom atNum="8" atmCharge="-0.48212" bTop="2" bType="2" bond12="2" bond13="1" bond14="-1" bondAngle="127.209" bondLength="1.181" bondTorsion="-42.152" chain="E" hybridization="sp2" identity=" O  " index="4" kind="2" symbol="O" type="o"/>
      <improper Atom1="3" Atom2="1" Atom3="2" Atom4="4"/>
      <connectionPoints atoms="1 1 "/>
      <feature atoms="4" identity="HBA"/>
    </fragment>
    <fragment code="2PL00CBF" identity="carbamicAcidFluoride" symbol="CBF">
      <atom atNum="7" atmCharge="0.09749" bTop="2" bType="1" bond12="-1" bond13="-2" bond14="-3" bondAngle="111.208" bondLength="1.54" bondTorsion="180" chain="M" hybridization="sp3" identity=" N  " index="1" kind="3" symbol="N" type="n"/>
      <atom atNum="6" atmCharge="0.71676" bTop="2" bType="1" bond12="1" bond13="-1" bond14="-2" bondAngle="43.119" bondLength="1.341" bondTorsion="39.734" chain="M" hybridization="sp2" identity=" C2 " index="2" kind="2" symbol="C" type="c"/>
      <atom atNum="9" atmCharge="-0.23825" bTop="2" bType="1" bond12="2" bond13="1" bond14="-1" bondAngle="111.667" bondLength="1.323" bondTorsion="137.789" chain="E" hybridization="sp3" identity=" F  " index="3" kind="2" symbol="F" type="f"/>
      <atom atNum="8" atmCharge="-0.57599" bTop="2" bType="2" bond12="2" bond13="1" bond14="-1" bondAngle="128.055" bondLength="1.18" bondTorsion="-41.618" chain="E" hybridization="sp2" identity=" O  " index="4" kind="2" symbol="O" type="o"/>
      <improper Atom1="3" Atom2="1" Atom3="2" Atom4="4"/>
      <connectionPoints atoms="1 1 "/>
      <feature atoms="4" identity="HBA"/>
    </fragment>
    <fragment code="2PL00DII" identity="carbodiimide" symbol="DII">
      <atom atNum="7" atmCharge="-0.26693" bTop="2" bType="1" bond12="-1" bond13="-2" bond14="-3" bondAngle="111.208" bondLength="1.54" bondTorsion="180" chain="M" hybridization="sp2" identity=" N  " index="1" kind="3" symbol="N" type="n2"/>
      <atom atNum="6" atmCharge="0.53386" bTop="2" bType="2" bond12="1" bond13="-1" bond14="-2" bondAngle="114.722" bondLength="1.196" bondTorsion="90" chain="M" hybridization="sp2" identity=" C  " index="2" kind="3" symbol="C" type="c1"/>
      <atom atNum="7" atmCharge="-0.26693" bTop="2" bType="2" bond12="2" bond13="1" bond14="-1" bondAngle="169.463" bondLength="1.195" bondTorsion="180" chain="M" hybridization="sp2" identity=" N1 " index="3" kind="3" symbol="N" type="n2"/>
      <connectionPoints atoms="1 3 "/>
      <feature atoms="1" identity="HBA"/>
      <feature atoms="3" identity="HBA"/>
    </fragment>
    <fragment code="2PL00CAE" identity="carboxylicAcidEster" symbol="CAE">
      <atom atNum="6" atmCharge="0.68066" bTop="2" bType="1" bond12="-1" bond13="-2" bond14="-3" bondAngle="111.208" bondLength="1.54" bondTorsion="180" chain="M" hybridization="sp2" identity=" C1 " index="1" kind="3" symbol="C" type="c"/>
      <atom atNum="8" atmCharge="-0.55815" bTop="2" bType="1" bond12="1" bond13="-1" bond14="-2" bondAngle="28.053" bondLength="1.189" bondTorsion="-90" chain="E" hybridization="sp3" identity=" O1 " index="2" kind="3" symbol="O" type="o"/>
      <atom atNum="8" atmCharge="-0.12251" bTop="2" bType="2" bond12="1" bond13="-1" bond14="-2" bondAngle="151.407" bondLength="1.327" bondTorsion="-90" chain="M" hybridization="sp2" identity=" O  " index="3" kind="2" symbol="O" type="os"/>
      <improper Atom1="p1" Atom2="2" Atom3="1" Atom4="3"/>
      <connectionPoints atoms="1 2 "/>
      <feature atoms="2" identity="HBA"/>
      <feature atoms="3" identity="HBA"/>
    </fragment>
    <fragment code="2PL00DIS" identity="disulfide" symbol="DIS">
      <atom atNum="16" atmCharge="0" bTop="2" bType="1" bond12="-1" bond13="-2" bond14="-3" bondAngle="111.208" bondLength="1.54" bondTorsion="180" chain="M" hybridization="sp3" identity=" S  " index="1" kind="3" symbol="S" type="ss"/>
      <atom atNum="16" atmCharge="0" bTop="2" bType="1" bond12="1" bond13="-1" bond14="-2" bondAngle="166.442" bondLength="2.09" bondTorsion="-90" chain="M" hybridization="sp3" identity=" S1 " index="2" kind="3" symbol="S" type="ss"/>
      <connectionPoints atoms="1 2 "/>
    </fragment>
    <fragment code="2PL00DCE" identity="dithioCarboxylicAcidEster" symbol="DCE">
      <atom atNum="6" atmCharge="0.32522" bTop="2" bType="1" bond12="-1" bond13="-2" bond14="-3" bondAngle="111.208" bondLength="1.54" bondTorsion="180" chain="M" hybridization="sp2" identity=" C1 " index="1" kind="3" symbol="C" type="c"/>
      <atom atNum="16" atmCharge="-0.29799" bTop="2" bType="2" bond12="1" bond13="-1" bond14="-2" bondAngle="152.284" bondLength="1.626" bondTorsion="-90" chain="E" hybridization="sp2" identity=" S  " index="2" kind="2" symbol="S" type="s"/>
      <atom atNum="16" atmCharge="-0.02723" bTop="2" bType="1" bond12="1" bond13="-1" bond14="-2" bondAngle="26.521" bondLength="1.745" bondTorsion="-90" chain="M" hybridization="sp3" identity=" S1 " index="3" kind="3" symbol="S" type="ss"/>
      <improper Atom1="p1" Atom2="2" Atom3="1" Atom4="3"/>
      <connectionPoints atoms="1 3 "/>
    </fragment>
    <fragment code="2PL00END" identity="eneDiol" symbol="END">
      <atom atNum="6" atmCharge="0.15588" bTop="2" bType="1" bond12="-1" bond13="-2" bond14="-3" bondAngle="111.208" bondLength="1.54" bondTorsion="180" chain="M" hybridization="sp2" identity=" C  " index="1" kind="3" symbol="C" type="c2"/>
      <atom atNum="8" atmCharge="-0.59191" bTop="2" bType="1" bond12="1" bond13="-1" bond14="-2" bondAngle="150.718" bondLength="1.368" bondTorsion="90" chain="S" hybridization="sp3" identity=" O  " index="2" kind="2" symbol="O" type="oh"/>
      <atom atNum="1" atmCharge="0.43604" bTop="0" bType="1" bond12="2" bond13="1" bond14="-1" bondAngle="110.319" bondLength="0.944" bondTorsion="0" chain="E" hybridization="s" identity=" H1 " index="3" kind="1" symbol="H" type="ho"/>
      <atom atNum="6" atmCharge="0.15588" bTop="2" bType="2" bond12="1" bond13="-1" bond14="-2" bondAngle="90" bondLength="1.319" bondTorsion="-90" chain="M" hybridization="sp2" identity=" C1 " index="4" kind="3" symbol="C" type="c2"/>
      <atom atNum="8" atmCharge="-0.59191" bTop="2" bType="1" bond12="4" bond13="1" bond14="-1" bondAngle="119.282" bondLength="1.368" bondTorsion="-180" chain="S" hybridization="sp3" identity=" O1 " index="5" kind="2" symbol="O" type="oh"/>
      <atom atNum="1" atmCharge="0.43604" bTop="0" bType="1" bond12="5" bond13="4" bond14="1" bondAngle="110.319" bondLength="0.944" bondTorsion="180" chain="E" hybridization="s" identity=" H  " index="6" kind="1" symbol="H" type="ho"/>
      <improper Atom1="p1" Atom2="4" Atom3="1" Atom4="2"/>
      <improper Atom1="n1" Atom2="1" Atom3="4" Atom4="5"/>
      <connectionPoints atoms="1 4 "/>
      <feature atoms="2" identity="HBA"/>
      <feature atoms="5" identity="HBA"/>
      <feature atoms="2" identity="HBD"/>
      <feature atoms="5" identity="HBD"/>
    </fragment>
    <fragment code="2PL00ETR" identity="ether" symbol="ETR">
      <atom atNum="8" atmCharge="0" bTop="2" bType="1" bond12="-1" bond13="-2" bond14="-3" bondAngle="111.208" bondLength="1.54" bondTorsion="180" chain="M" hybridization="sp3" identity=" O  " index="1" kind="7" symbol="O" type="os"/>
      <connectionPoints atoms="1 1 "/>
      <feature atoms="1" identity="HBA"/>
    </fragment>
    <fragment code="2PL00IMB" identity="imidoylBromide" symbol="IMB">
      <atom atNum="6" atmCharge="0.34886" bTop="2" bType="1" bond12="-1" bond13="-2" bond14="-3" bondAngle="111.208" bondLength="1.54" bondTorsion="180" chain="M" hybridization="sp2" identity=" C  " index="1" kind="3" symbol="C" type="c2"/>
      <atom atNum="35" atmCharge="-0.17503" bTop="2" bType="1" bond12="1" bond13="-1" bond14="-2" bondAngle="85.626" bondLength="1.967" bondTorsion="90" chain="E" hybridization="s" identity=" Br " index="2" kind="2" symbol="Br" type="br"/>
      <atom atNum="7" atmCharge="-0.17383" bTop="2" bType="2" bond12="1" bond13="-1" bond14="-2" bondAngle="152.098" bondLength="1.227" bondTorsion="-90" chain="M" hybridization="sp2" identity=" N  " index="3" kind="3" symbol="N" type="n2"/>
      <improper Atom1="p1" Atom2="2" Atom3="1" Atom4="3"/>
      <connectionPoints atoms="1 3 "/>
      <feature atoms="3" identity="HBA"/>
    </fragment>
    <fragment code="2PL00IMI" identity="imidoylIodide" symbol="III">
      <atom atNum="6" atmCharge="0.34886" bTop="2" bType="1" bond12="-1" bond13="-2" bond14="-3" bondAngle="111.208" bondLength="1.54" bondTorsion="180" chain="M" hybridization="sp2" identity=" C  " index="1" kind="3" symbol="C" type="c2"/>
      <atom atNum="53" atmCharge="-0.17503" bTop="2" bType="1" bond12="1" bond13="-1" bond14="-2" bondAngle="85.626" bondLength="2.092" bondTorsion="90" chain="E" hybridization="s" identity=" I1 " index="2" kind="2" symbol="I" type="i"/>
      <atom atNum="7" atmCharge="-0.17383" bTop="2" bType="2" bond12="1" bond13="-1" bond14="-2" bondAngle="152.098" bondLength="1.227" bondTorsion="-90" chain="M" hybridization="sp2" identity=" N  " index="3" kind="3" symbol="N" type="n2"/>
      <improper Atom1="p1" Atom2="2" Atom3="1" Atom4="3"/>
      <connectionPoints atoms="1 3 "/>
      <feature atoms="3" identity="HBA"/>
    </fragment>
    <fragment code="2PL00IMC" identity="imidoylChloride" symbol="IMC">
      <atom atNum="6" atmCharge="0.41105" bTop="2" bType="1" bond12="-1" bond13="-2" bond14="-3" bondAngle="111.208" bondLength="1.54" bondTorsion="180" chain="M" hybridization="sp2" identity=" C  " index="1" kind="3" symbol="C" type="c2"/>
      <atom atNum="17" atmCharge="-0.19444" bTop="2" bType="1" bond12="1" bond13="-1" bond14="-2" bondAngle="85.346" bondLength="1.787" bondTorsion="90" chain="E" hybridization="s" identity=" Cl " index="2" kind="2" symbol="Cl" type="cl"/>
      <atom atNum="7" atmCharge="-0.21661" bTop="2" bType="2" bond12="1" bond13="-1" bond14="-2" bondAngle="151.895" bondLength="1.231" bondTorsion="-90" chain="M" hybridization="sp2" identity=" N  " index="3" kind="3" symbol="N" type="n2"/>
      <improper Atom1="p1" Atom2="2" Atom3="1" Atom4="3"/>
      <connectionPoints atoms="1 3 "/>
      <feature atoms="3" identity="HBA"/>
    </fragment>
    <fragment code="2PL00IMF" identity="imidoylFluoride" symbol="IMF">
      <atom atNum="6" atmCharge="0.56641" bTop="2" bType="1" bond12="-1" bond13="-2" bond14="-3" bondAngle="111.208" bondLength="1.54" bondTorsion="180" chain="M" hybridization="sp2" identity=" C  " index="1" kind="3" symbol="C" type="c2"/>
      <atom atNum="9" atmCharge="-0.23076" bTop="2" bType="1" bond12="1" bond13="-1" bond14="-2" bondAngle="153.205" bondLength="1.34" bondTorsion="-90" chain="E" hybridization="s" identity=" F  " index="2" kind="2" symbol="F" type="f"/>
      <atom atNum="7" atmCharge="-0.33565" bTop="2" bType="2" bond12="1" bond13="-1" bond14="-2" bondAngle="31.33" bondLength="1.233" bondTorsion="-90" chain="M" hybridization="sp2" identity=" N  " index="3" kind="3" symbol="N" type="n2"/>
      <improper Atom1="p1" Atom2="2" Atom3="1" Atom4="3"/>
      <connectionPoints atoms="1 3 "/>
      <feature atoms="3" identity="HBA"/>
    </fragment>
    <fragment code="2PL00KTE" identity="ketene" symbol="KTE">
      <atom atNum="6" atmCharge="-0.11863" bTop="2" bType="1" bond12="-1" bond13="-2" bond14="-3" bondAngle="111.208" bondLength="1.54" bondTorsion="180" chain="M" hybridization="sp2" identity=" C1 " index="1" kind="3" symbol="C" type="c2"/>
      <atom atNum="6" atmCharge="0.50057" bTop="2" bType="2" bond12="1" bond13="-1" bond14="-2" bondAngle="140.571" bondLength="1.304" bondTorsion="-90" chain="M" hybridization="sp2" identity=" C2 " index="2" kind="3" symbol="C" type="c1"/>
      <atom atNum="8" atmCharge="-0.38193" bTop="2" bType="2" bond12="2" bond13="1" bond14="-1" bondAngle="179.969" bondLength="1.152" bondTorsion="-180" chain="E" hybridization="sp2" identity=" O  " index="3" kind="2" symbol="O" type="o"/>
      <connectionPoints atoms="1 1 "/>
      <feature atoms="3" identity="HBA"/>
    </fragment>
    <fragment code="2PL00OXM" identity="oxime" symbol="OXM">
      <atom atNum="6" atmCharge="0.44677" bTop="2" bType="1" bond12="-1" bond13="-2" bond14="-3" bondAngle="111.208" bondLength="1.54" bondTorsion="180" chain="M" hybridization="sp2" identity=" C  " index="1" kind="3" symbol="C" type="c2"/>
      <atom atNum="7" atmCharge="-0.42089" bTop="2" bType="2" bond12="1" bond13="-1" bond14="-2" bondAngle="86.711" bondLength="1.255" bondTorsion="90" chain="M" hybridization="sp2" identity=" N  " index="2" kind="3" symbol="N" type="n2"/>
      <atom atNum="8" atmCharge="-0.47506" bTop="2" bType="1" bond12="2" bond13="1" bond14="-1" bondAngle="112.403" bondLength="1.379" bondTorsion="180" chain="S" hybridization="sp3" identity=" O  " index="3" kind="2" symbol="O" type="oh"/>
      <atom atNum="1" atmCharge="0.44918" bTop="0" bType="1" bond12="3" bond13="2" bond14="1" bondAngle="103.859" bondLength="0.946" bondTorsion="-180" chain="E" hybridization="s" identity=" H6 " index="4" kind="1" symbol="H" type="ho"/>
      <connectionPoints atoms="1 1 "/>
      <feature atoms="2" identity="HBA"/>
      <feature atoms="3" identity="HBA"/>
      <feature atoms="3" identity="HBD"/>
    </fragment>
    <fragment code="2PL00PXD" identity="peroxide" symbol="PXD">
      <atom atNum="8" atmCharge="0" bTop="2" bType="1" bond12="-1" bond13="-2" bond14="-3" bondAngle="111.208" bondLength="1.54" bondTorsion="180" chain="M" hybridization="sp3" identity=" O  " index="1" kind="3" symbol="O" type="os"/>
      <atom atNum="8" atmCharge="0" bTop="2" bType="1" bond12="1" bond13="-1" bond14="-2" bondAngle="163.289" bondLength="1.398" bondTorsion="-90" chain="M" hybridization="sp3" identity=" O1 " index="2" kind="3" symbol="O" type="os"/>
      <connectionPoints atoms="1 2 "/>
      <feature atoms="1" identity="HBA"/>
      <feature atoms="2" identity="HBA"/>
    </fragment>
    <fragment code="2PL00PKT" identity="primKetimine" symbol="PKT">
      <atom atNum="6" atmCharge="0.44135" bTop="2" bType="1" bond12="-1" bond13="-2" bond14="-3" bondAngle="111.208" bondLength="1.54" bondTorsion="180" chain="M" hybridization="sp2" identity=" C1 " index="1" kind="3" symbol="C" type="c2"/>
      <atom atNum="7" atmCharge="-0.81392" bTop="2" bType="2" bond12="1" bond13="-1" bond14="-2" bondAngle="154.287" bondLength="1.255" bondTorsion="-100.794" chain="M" hybridization="sp2" identity=" N  " index="2" kind="2" symbol="N" type="n2"/>
      <atom atNum="1" atmCharge="0.37257" bTop="0" bType="1" bond12="2" bond13="1" bond14="-1" bondAngle="111.61" bondLength="1.006" bondTorsion="-0.313" chain="E" hybridization="s" identity=" H  " index="3" kind="1" symbol="H" type="hn"/>
      <connectionPoints atoms="1 1 "/>
      <feature atoms="2" identity="HBA"/>
      <feature atoms="2" identity="HBD"/>
    </fragment>
    <fragment code="2PL00SAL" identity="secAlcohol" symbol="SAL">
      <atom atNum="6" atmCharge="0.24553" bTop="2" bType="1" bond12="-1" bond13="-2" bond14="-3" bondAngle="111.208" bondLength="1.54" bondTorsion="180" chain="M" hybridization="sp3" identity=" C  " index="1" kind="3" symbol="C" type="c3"/>
      <atom atNum="1" atmCharge="0.01147" bTop="0" bType="1" bond12="1" bond13="-1" bond14="-2" bondAngle="160.65" bondLength="1.09" bondTorsion="90.159" chain="E" hybridization="s" identity=" H  " index="2" kind="1" symbol="H" type="h1"/>
      <atom atNum="8" atmCharge="-0.67747" bTop="2" bType="1" bond12="1" bond13="-1" bond14="-2" bondAngle="62.663" bondLength="1.409" bondTorsion="159.857" chain="M" hybridization="sp3" identity=" O  " index="3" kind="2" symbol="O" type="oh"/>
      <atom atNum="1" atmCharge="0.42046" bTop="0" bType="1" bond12="3" bond13="1" bond14="-1" bondAngle="109.63" bondLength="0.947" bondTorsion="-100.846" chain="E" hybridization="s" identity=" H1 " index="4" kind="1" symbol="H" type="ho"/>
      <connectionPoints atoms="1 1 "/>
      <feature atoms="3" identity="HBA"/>
      <feature atoms="3" identity="HBD"/>
    </fragment>
    <fragment code="2PL00SAD" identity="secAldimine" symbol="SAD">
      <atom atNum="6" atmCharge="0.52577" bTop="2" bType="1" bond12="-1" bond13="-2" bond14="-3" bondAngle="111.208" bondLength="1.54" bondTorsion="180" chain="M" hybridization="sp2" identity=" C1 " index="1" kind="3" symbol="C" type="c2"/>
      <atom atNum="1" atmCharge="-0.10214" bTop="0" bType="1" bond12="1" bond13="-1" bond14="-2" bondAngle="44.443" bondLength="1.084" bondTorsion="-142.224" chain="E" hybridization="s" identity=" H  " index="2" kind="1" symbol="H" type="h4"/>
      <atom atNum="7" atmCharge="-0.42362" bTop="2" bType="2" bond12="1" bond13="-1" bond14="-2" bondAngle="128.027" bondLength="1.25" bondTorsion="-53.258" chain="M" hybridization="sp2" identity=" N  " index="3" kind="3" symbol="N" type="n2"/>
      <improper Atom1="p1" Atom2="2" Atom3="1" Atom4="3"/>
      <connectionPoints atoms="1 3 "/>
      <feature atoms="3" identity="HBA"/>
    </fragment>
    <fragment code="2PL00AMI" identity="secAmide" subGraphs="SAM KET TAM" symbol="AMI">
      <atom atNum="6" atmCharge="0.46764" bTop="2" bType="1" bond12="-1" bond13="-2" bond14="-3" bondAngle="111.208" bondLength="1.54" bondTorsion="180" chain="M" hybridization="sp2" identity=" C  " index="1" kind="7" symbol="C" type="c"/>
      <atom atNum="8" atmCharge="-0.53355" bTop="2" bType="2" bond12="1" bond13="-1" bond14="-2" bondAngle="145.278" bondLength="1.201" bondTorsion="90" chain="E" hybridization="sp2" identity=" O  " index="2" kind="2" symbol="O" type="o"/>
      <atom atNum="7" atmCharge="-0.18803" bTop="2" bType="1" bond12="1" bond13="-1" bond14="-2" bondAngle="92.462" bondLength="1.35" bondTorsion="-90" chain="M" hybridization="sp3" identity=" N  " index="3" kind="7" symbol="N" type="n"/>
      <atom atNum="1" atmCharge="0.25394" bTop="0" bType="1" bond12="3" bond13="1" bond14="-1" bondAngle="119.562" bondLength="0.992" bondTorsion="-0" chain="E" hybridization="s" identity=" H6 " index="4" kind="1" symbol="H" type="hn"/>
      <improper Atom1="p1" Atom2="3" Atom3="1" Atom4="2"/>
      <connectionPoints atoms="1 3 "/>
      <feature atoms="2" identity="HBA"/>
      <feature atoms="3" identity="HBD"/>
    </fragment>
    <fragment code="2PL00SAM" identity="secAmine" symbol="SAM">
      <atom atNum="7" atmCharge="-0.35889" bTop="2" bType="1" bond12="-1" bond13="-2" bond14="-3" bondAngle="111.208" bondLength="1.54" bondTorsion="180" chain="M" hybridization="sp3" identity=" N  " index="1" kind="7" symbol="N" type="n3"/>
      <atom atNum="1" atmCharge="0.35889" bTop="0" bType="1" bond12="1" bond13="-1" bond14="-2" bondAngle="157.474" bondLength="1" bondTorsion="-78.104" chain="E" hybridization="s" identity=" H  " index="2" kind="1" symbol="H" type="hn"/>
      <connectionPoints atoms="1 1 "/>
      <feature atoms="1" identity="HBA"/>
      <feature atoms="1" identity="HBD"/>
    </fragment>
    <fragment code="2PL00SLE" identity="sulfinicAcidEster" symbol="SLE">
      <atom atNum="16" atmCharge="0.49199" bTop="2" bType="1" bond12="-1" bond13="-2" bond14="-3" bondAngle="111.208" bondLength="1.54" bondTorsion="180" chain="M" hybridization="sp2" identity=" S  " index="1" kind="3" symbol="S" type="s4"/>
      <atom atNum="8" atmCharge="-0.48316" bTop="2" bType="2" bond12="1" bond13="-1" bond14="-2" bondAngle="61.425" bondLength="1.459" bondTorsion="96.631" chain="E" hybridization="sp2" identity=" O  " index="2" kind="2" symbol="O" type="o"/>
      <atom atNum="8" atmCharge="-0.00884" bTop="2" bType="1" bond12="1" bond13="-1" bond14="-2" bondAngle="60.088" bondLength="1.628" bondTorsion="-41.812" chain="M" hybridization="sp3" identity=" O1 " index="3" kind="3" symbol="O" type="os"/>
      <connectionPoints atoms="1 3 "/>
      <feature atoms="2" identity="HBA"/>
      <feature atoms="3" identity="HBA"/>
    </fragment>
    <fragment code="2PL00SO2" identity="sulfone" symbol="SO2">
      <atom atNum="16" atmCharge="1.34019" bTop="2" bType="1" bond12="-1" bond13="-2" bond14="-3" bondAngle="111.208" bondLength="1.54" bondTorsion="180" chain="M" hybridization="sp3" identity=" S  " index="1" kind="3" symbol="S" type="s6"/>
      <atom atNum="8" atmCharge="-0.71331" bTop="2" bType="2" bond12="1" bond13="-1" bond14="-2" bondAngle="149.919" bondLength="1.436" bondTorsion="90" chain="E" hybridization="sp2" identity=" O1 " index="2" kind="2" symbol="O" type="o"/>
      <atom atNum="8" atmCharge="-0.71331" bTop="2" bType="2" bond12="1" bond13="-1" bond14="-2" bondAngle="90" bondLength="1.437" bondTorsion="-90" chain="M" hybridization="sp2" identity=" O  " index="3" kind="2" symbol="O" type="o"/>
      <connectionPoints atoms="1 1 "/>
      <feature atoms="2" identity="HBA"/>
      <feature atoms="3" identity="HBA"/>
    </fragment>
    <fragment code="2PL00SAE" identity="sulfonicAcidEster" symbol="SAE">
      <atom atNum="16" atmCharge="1.13899" bTop="2" bType="1" bond12="-1" bond13="-2" bond14="-3" bondAngle="111.208" bondLength="1.54" bondTorsion="180" chain="M" hybridization="sp3" identity=" S  " index="1" kind="3" symbol="S" type="s6"/>
      <atom atNum="8" atmCharge="-0.55053" bTop="2" bType="2" bond12="1" bond13="-1" bond14="-2" bondAngle="163.426" bondLength="1.426" bondTorsion="-102.636" chain="E" hybridization="sp2" identity=" O  " index="2" kind="2" symbol="O" type="o"/>
      <atom atNum="8" atmCharge="-0.55053" bTop="2" bType="2" bond12="1" bond13="-1" bond14="-2" bondAngle="57.772" bondLength="1.427" bondTorsion="-19.2" chain="E" hybridization="sp2" identity=" O2 " index="3" kind="2" symbol="O" type="o"/>
      <atom atNum="8" atmCharge="-0.03793" bTop="2" bType="1" bond12="1" bond13="-1" bond14="-2" bondAngle="61.459" bondLength="1.578" bondTorsion="-160.402" chain="M" hybridization="sp3" identity=" O1 " index="4" kind="3" symbol="O" type="os"/>
      <connectionPoints atoms="1 4 "/>
      <feature atoms="2" identity="HBA"/>
      <feature atoms="3" identity="HBA"/>
      <feature atoms="4" identity="HBA"/>
    </fragment>
    <fragment code="2PL00SEE" identity="sulfenicAcidEster" symbol="SEE" type="l">
      <atom atmCharge="-0.05922" bKind="0" bTop="2" bType="1" bond12="-1" bond13="-2" bond14="-3" bondAngle="111.208" bondLength="1.54" bondTorsion="180" chain="M" identity=" O  " index="1" kind="2" type="oh"/>
      <atom atmCharge="0.05922" bKind="0" bTop="2" bType="1" bond12="1" bond13="-1" bond14="-2" bondAngle="61.882" bondLength="1.67664" bondTorsion="22.203" chain="M" identity=" S  " index="2" kind="2" type="sh"/>
      <feature atoms="1 " identity="HBA"/>
      <feature atoms="2 " identity="HBA"/>
      <connectionPoints atoms="1 2 "/>
    </fragment>
    <fragment code="2PL00SLF" identity="sulfoxide" symbol="SLF">
      <atom atNum="16" atmCharge="0.59749" bTop="2" bType="1" bond12="-1" bond13="-2" bond14="-3" bondAngle="111.208" bondLength="1.54" bondTorsion="180" chain="M" hybridization="sp2" identity=" S  " index="1" kind="3" symbol="S" type="s4"/>
      <atom atNum="8" atmCharge="-0.59749" bTop="2" bType="2" bond12="1" bond13="-1" bond14="-2" bondAngle="149.374" bondLength="1.541" bondTorsion="-90" chain="M" hybridization="sp2" identity=" O  " index="2" kind="2" symbol="O" type="o"/>
      <connectionPoints atoms="1 1 "/>
      <feature atoms="2" identity="HBA"/>
    </fragment>
    <fragment code="2PL00SAA" identity="sulfuricAcidAmide" symbol="SAA">
      <atom atNum="7" atmCharge="0.07775" bTop="2" bType="1" bond12="-1" bond13="-2" bond14="-3" bondAngle="111.208" bondLength="1.54" bondTorsion="180" chain="M" hybridization="sp3" identity=" N  " index="1" kind="3" symbol="N" type="n3"/>
      <atom atNum="16" atmCharge="1.22045" bTop="2" bType="1" bond12="1" bond13="-1" bond14="-2" bondAngle="20.081" bondLength="1.625" bondTorsion="-75.466" chain="M" hybridization="sp3" identity=" S  " index="2" kind="3" symbol="S" type="s6"/>
      <atom atNum="8" atmCharge="-0.65319" bTop="2" bType="1" bond12="2" bond13="1" bond14="-1" bondAngle="99.298" bondLength="1.584" bondTorsion="175.966" chain="S" hybridization="sp3" identity=" O  " index="3" kind="2" symbol="O" type="oh"/>
      <atom atNum="1" atmCharge="0.49858" bTop="0" bType="1" bond12="3" bond13="2" bond14="1" bondAngle="108.872" bondLength="0.954" bondTorsion="141.195" chain="E" hybridization="s" identity=" H  " index="4" kind="1" symbol="H" type="ho"/>
      <atom atNum="8" atmCharge="-0.57179" bTop="2" bType="2" bond12="2" bond13="1" bond14="-1" bondAngle="108.236" bondLength="1.418" bondTorsion="61.544" chain="E" hybridization="sp2" identity=" O1 " index="5" kind="2" symbol="O" type="o"/>
      <atom atNum="8" atmCharge="-0.57179" bTop="2" bType="2" bond12="2" bond13="1" bond14="-1" bondAngle="112.577" bondLength="1.428" bondTorsion="-72.9" chain="E" hybridization="sp2" identity=" O2 " index="6" kind="2" symbol="O" type="o"/>
      <connectionPoints atoms="1 1 "/>
      <feature atoms="3" identity="HBA"/>
      <feature atoms="5" identity="HBA"/>
      <feature atoms="6" identity="HBA"/>
    </fragment>
    <fragment code="2PL00SFE" identity="sulfuricAcidEster" symbol="SFE">
      <atom atNum="8" atmCharge="0.00921" bTop="2" bType="1" bond12="-1" bond13="-2" bond14="-3" bondAngle="111.208" bondLength="1.54" bondTorsion="180" chain="M" hybridization="sp3" identity=" O  " index="1" kind="3" symbol="O" type="os"/>
      <atom atNum="16" atmCharge="0.99129" bTop="2" bType="1" bond12="1" bond13="-1" bond14="-2" bondAngle="91.058" bondLength="1.57" bondTorsion="90" chain="M" hybridization="sp3" identity=" S  " index="2" kind="3" symbol="S" type="s6"/>
      <atom atNum="8" atmCharge="-0.50485" bTop="2" bType="2" bond12="2" bond13="1" bond14="-1" bondAngle="109.034" bondLength="1.417" bondTorsion="-65.957" chain="E" hybridization="sp2" identity=" O2 " index="3" kind="2" symbol="O" type="o"/>
      <atom atNum="8" atmCharge="-0.50485" bTop="2" bType="2" bond12="2" bond13="1" bond14="-1" bondAngle="109.034" bondLength="1.417" bondTorsion="65.957" chain="E" hybridization="sp2" identity=" O3 " index="4" kind="2" symbol="O" type="o"/>
      <atom atNum="8" atmCharge="0.00921" bTop="2" bType="1" bond12="2" bond13="1" bond14="-1" bondAngle="99.089" bondLength="1.553" bondTorsion="180" chain="M" hybridization="sp3" identity=" O1 " index="5" kind="3" symbol="O" type="os"/>
      <connectionPoints atoms="1 5 "/>
    </fragment>
    <fragment code="2PL00TBA" identity="thioCarbamicAcid" symbol="TBA">
      <atom atNum="7" atmCharge="0.35153" bTop="2" bType="1" bond12="-1" bond13="-2" bond14="-3" bondAngle="111.208" bondLength="1.54" bondTorsion="180" chain="M" hybridization="sp3" identity=" N  " index="1" kind="3" symbol="N" type="n"/>
      <atom atNum="6" atmCharge="0.13633" bTop="2" bType="1" bond12="1" bond13="-1" bond14="-2" bondAngle="41.195" bondLength="1.321" bondTorsion="47.748" chain="M" hybridization="sp2" identity=" C2 " index="2" kind="3" symbol="C" type="c"/>
      <atom atNum="8" atmCharge="-0.42296" bTop="2" bType="1" bond12="2" bond13="1" bond14="-1" bondAngle="111.839" bondLength="1.323" bondTorsion="139.863" chain="S" hybridization="sp3" identity=" O  " index="3" kind="2" symbol="O" type="oh"/>
      <atom atNum="1" atmCharge="0.40196" bTop="0" bType="1" bond12="3" bond13="2" bond14="1" bondAngle="107.981" bondLength="0.952" bondTorsion="-179.976" chain="E" hybridization="s" identity=" H6 " index="4" kind="1" symbol="H" type="ho"/>
      <atom atNum="16" atmCharge="-0.46685" bTop="2" bType="2" bond12="2" bond13="1" bond14="-1" bondAngle="128.167" bondLength="1.681" bondTorsion="-40.064" chain="E" hybridization="sp2" identity=" S  " index="5" kind="2" symbol="S" type="s"/>
      <improper Atom1="1" Atom2="3" Atom3="2" Atom4="5"/>
      <connectionPoints atoms="1 1 "/>
      <feature atoms="1" identity="HBA"/>
      <feature atoms="3" identity="HBA"/>
      <feature atoms="4" identity="HBA"/>
      <feature atoms="5" identity="HBA"/>
    </fragment>
    <fragment code="2PL00TBB" identity="thioCarbamicAcidBromide" symbol="TBB">
      <atom atNum="7" atmCharge="0.47764" bTop="2" bType="1" bond12="-1" bond13="-2" bond14="-3" bondAngle="111.208" bondLength="1.54" bondTorsion="180" chain="M" hybridization="sp3" identity=" N  " index="1" kind="3" symbol="N" type="n"/>
      <atom atNum="6" atmCharge="-0.21399" bTop="2" bType="1" bond12="1" bond13="-1" bond14="-2" bondAngle="50.454" bondLength="1.321" bondTorsion="30.568" chain="M" hybridization="sp2" identity=" C2 " index="2" kind="3" symbol="C" type="c"/>
      <atom atNum="35" atmCharge="-4e-05" bTop="2" bType="1" bond12="2" bond13="1" bond14="-1" bondAngle="114.379" bondLength="1.925" bondTorsion="130.384" chain="E" hybridization="s" identity=" Br " index="3" kind="2" symbol="Br" type="br"/>
      <atom atNum="16" atmCharge="-0.26361" bTop="2" bType="2" bond12="2" bond13="1" bond14="-1" bondAngle="127.256" bondLength="1.644" bondTorsion="-49.565" chain="E" hybridization="sp2" identity=" S  " index="4" kind="2" symbol="S" type="s"/>
      <improper Atom1="3" Atom2="1" Atom3="2" Atom4="4"/>
      <connectionPoints atoms="1 1 "/>
      <feature atoms="3" identity="HBA"/>
      <feature atoms="3" identity="HBD"/>
      <feature atoms="5" identity="HBA"/>
    </fragment>
    <fragment code="2PL00TBI" identity="thioCarbamicAcidIodide" symbol="TBI">
      <atom atNum="7" atmCharge="0.47764" bTop="2" bType="1" bond12="-1" bond13="-2" bond14="-3" bondAngle="111.208" bondLength="1.54" bondTorsion="180" chain="M" hybridization="sp3" identity=" N  " index="1" kind="3" symbol="N" type="n"/>
      <atom atNum="6" atmCharge="-0.21399" bTop="2" bType="1" bond12="1" bond13="-1" bond14="-2" bondAngle="50.454" bondLength="1.321" bondTorsion="30.568" chain="M" hybridization="sp2" identity=" C2 " index="2" kind="3" symbol="C" type="c"/>
      <atom atNum="53" atmCharge="-4e-05" bTop="2" bType="1" bond12="2" bond13="1" bond14="-1" bondAngle="114.379" bondLength="2.092" bondTorsion="130.384" chain="E" hybridization="s" identity=" I1 " index="3" kind="2" symbol="I" type="i"/>
      <atom atNum="16" atmCharge="-0.26361" bTop="2" bType="2" bond12="2" bond13="1" bond14="-1" bondAngle="127.256" bondLength="1.644" bondTorsion="-49.565" chain="E" hybridization="sp2" identity=" S  " index="4" kind="2" symbol="S" type="s"/>
      <improper Atom1="3" Atom2="1" Atom3="2" Atom4="4"/>
      <connectionPoints atoms="1 1 "/>
      <feature atoms="3" identity="HBA"/>
      <feature atoms="3" identity="HBD"/>
      <feature atoms="5" identity="HBA"/>
    </fragment>
    <fragment code="2PL00TBI" identity="thioCarbamicAcidIodide" symbol="TBI">
      <atom atNum="7" atmCharge="0.47764" bTop="2" bType="1" bond12="-1" bond13="-2" bond14="-3" bondAngle="111.208" bondLength="1.54" bondTorsion="180" chain="M" hybridization="sp3" identity=" N  " index="1" kind="3" symbol="N" type="n"/>
      <atom atNum="6" atmCharge="-0.21399" bTop="2" bType="1" bond12="1" bond13="-1" bond14="-2" bondAngle="50.454" bondLength="1.321" bondTorsion="30.568" chain="M" hybridization="sp2" identity=" C2 " index="2" kind="3" symbol="C" type="c"/>
      <atom atNum="53" atmCharge="-4e-05" bTop="2" bType="1" bond12="2" bond13="1" bond14="-1" bondAngle="114.379" bondLength="2.092" bondTorsion="130.384" chain="E" hybridization="s" identity=" I1 " index="3" kind="2" symbol="I" type="i"/>
      <atom atNum="16" atmCharge="-0.26361" bTop="2" bType="2" bond12="2" bond13="1" bond14="-1" bondAngle="127.256" bondLength="1.644" bondTorsion="-49.565" chain="E" hybridization="sp2" identity=" S  " index="4" kind="2" symbol="S" type="s"/>
      <improper Atom1="3" Atom2="1" Atom3="2" Atom4="4"/>
      <connectionPoints atoms="1 1 "/>
      <feature atoms="3" identity="HBA"/>
      <feature atoms="3" identity="HBD"/>
      <feature atoms="5" identity="HBA"/>
    </fragment>
    <fragment code="2PL00TBC" identity="thioCarbamicAcidChloride" symbol="TBC">
      <atom atNum="7" atmCharge="0.41891" bTop="2" bType="1" bond12="-1" bond13="-2" bond14="-3" bondAngle="111.208" bondLength="1.54" bondTorsion="180" chain="M" hybridization="sp3" identity=" N  " index="1" kind="3" symbol="N" type="n"/>
      <atom atNum="6" atmCharge="-0.05873" bTop="2" bType="1" bond12="1" bond13="-1" bond14="-2" bondAngle="51.093" bondLength="1.323" bondTorsion="29.628" chain="M" hybridization="sp2" identity=" C2 " index="2" kind="3" symbol="C" type="c"/>
      <atom atNum="17" atmCharge="-0.04449" bTop="2" bType="1" bond12="2" bond13="1" bond14="-1" bondAngle="114.189" bondLength="1.751" bondTorsion="130.094" chain="E" hybridization="s" identity=" Cl " index="3" kind="2" symbol="Cl" type="cl"/>
      <atom atNum="16" atmCharge="-0.31568" bTop="2" bType="2" bond12="2" bond13="1" bond14="-1" bondAngle="126.789" bondLength="1.648" bondTorsion="-49.927" chain="E" hybridization="sp2" identity=" S  " index="4" kind="2" symbol="S" type="s"/>
      <improper Atom1="3" Atom2="1" Atom3="2" Atom4="4"/>
      <connectionPoints atoms="1 1 "/>
      <feature atoms="4" identity="HBA"/>
    </fragment>
    <fragment code="2PL00TBF" identity="thioCarbamicAcidFluoride" symbol="TBF">
      <atom atNum="7" atmCharge="0.38973" bTop="2" bType="1" bond12="-1" bond13="-2" bond14="-3" bondAngle="111.208" bondLength="1.54" bondTorsion="180" chain="M" hybridization="sp3" identity=" N  " index="1" kind="3" symbol="N" type="n"/>
      <atom atNum="6" atmCharge="0.10419" bTop="2" bType="1" bond12="1" bond13="-1" bond14="-2" bondAngle="47.426" bondLength="1.317" bondTorsion="35.558" chain="M" hybridization="sp2" identity=" C2 " index="2" kind="3" symbol="C" type="c"/>
      <atom atNum="9" atmCharge="-0.1208" bTop="2" bType="1" bond12="2" bond13="1" bond14="-1" bondAngle="112.145" bondLength="1.314" bondTorsion="130.58" chain="E" hybridization="s" identity=" F  " index="3" kind="2" symbol="F" type="f"/>
      <atom atNum="16" atmCharge="-0.37312" bTop="2" bType="2" bond12="2" bond13="1" bond14="-1" bondAngle="128.421" bondLength="1.649" bondTorsion="-49.424" chain="E" hybridization="sp2" identity=" S  " index="4" kind="2" symbol="S" type="s"/>
      <improper Atom1="3" Atom2="1" Atom3="2" Atom4="4"/>
      <connectionPoints atoms="1 1 "/>
      <feature atoms="4" identity="HBA"/>
    </fragment>
    <fragment code="2PL00TCE" identity="thioCarboxylicAcidEster" symbol="TCE">
      <atom atNum="6" atmCharge="0.40462" bTop="2" bType="1" bond12="-1" bond13="-2" bond14="-3" bondAngle="111.208" bondLength="1.54" bondTorsion="180" chain="M" hybridization="sp2" identity=" C1 " index="1" kind="3" symbol="C" type="c"/>
      <atom atNum="16" atmCharge="-0.3887" bTop="2" bType="2" bond12="1" bond13="-1" bond14="-2" bondAngle="154.907" bondLength="1.636" bondTorsion="-90" chain="E" hybridization="sp2" identity=" S  " index="2" kind="2" symbol="S" type="s"/>
      <atom atNum="8" atmCharge="-0.01592" bTop="2" bType="1" bond12="1" bond13="-1" bond14="-2" bondAngle="29.234" bondLength="1.306" bondTorsion="-90" chain="M" hybridization="sp3" identity=" O  " index="3" kind="3" symbol="O" type="os"/>
      <improper Atom1="p1" Atom2="3" Atom3="1" Atom4="2"/>
      <connectionPoints atoms="1 3 "/>
      <feature atoms="2" identity="HBA"/>
      <feature atoms="3" identity="HBA"/>
    </fragment>
    <fragment code="2PL00STR" identity="thioEther" symbol="STR">
      <atom atNum="16" atmCharge="0" bTop="2" bType="1" bond12="-1" bond13="-2" bond14="-3" bondAngle="111.208" bondLength="1.54" bondTorsion="180" chain="M" hybridization="sp3" identity=" S  " index="1" kind="3" symbol="S" type="ss"/>
      <connectionPoints atoms="1 1 "/>
      <feature atoms="1" identity="HBA"/>
    </fragment>
    <fragment code="2PL00TKT" identity="thioKetone" symbol="TKT">
      <atom atNum="6" atmCharge="0.3272" bTop="2" bType="1" bond12="-1" bond13="-2" bond14="-3" bondAngle="111.208" bondLength="1.54" bondTorsion="180" chain="M" hybridization="sp2" identity=" C1 " index="1" kind="3" symbol="C" type="c"/>
      <atom atNum="16" atmCharge="-0.3272" bTop="2" bType="2" bond12="1" bond13="-1" bond14="-2" bondAngle="145.249" bondLength="1.618" bondTorsion="-90" chain="M" hybridization="sp2" identity=" S  " index="2" kind="2" symbol="S" type="s"/>
      <connectionPoints atoms="1 1 "/>
      <feature atoms="2" identity="HBA"/>
    </fragment>
    <fragment code="2PL00AK2" identity="transAlkene" symbol="AK2">
      <atom atNum="6" atmCharge="-0.13436" bTop="2" bType="1" bond12="-1" bond13="-2" bond14="-3" bondAngle="111.208" bondLength="1.54" bondTorsion="180" chain="M" hybridization="sp2" identity=" C  " index="1" kind="3" symbol="C" type="c2"/>
      <atom atNum="1" atmCharge="0.13436" bTop="0" bType="1" bond12="1" bond13="-1" bond14="-2" bondAngle="31.674" bondLength="1.08" bondTorsion="90" chain="E" hybridization="s" identity=" H1 " index="2" kind="1" symbol="H" type="ha"/>
      <atom atNum="6" atmCharge="-0.13436" bTop="2" bType="2" bond12="1" bond13="-1" bond14="-2" bondAngle="87.131" bondLength="1.319" bondTorsion="-90" chain="M" hybridization="sp2" identity=" C1 " index="3" kind="3" symbol="C" type="c2"/>
      <atom atNum="1" atmCharge="0.13436" bTop="0" bType="1" bond12="3" bond13="1" bond14="-1" bondAngle="118.805" bondLength="1.08" bondTorsion="-180" chain="E" hybridization="s" identity=" H  " index="4" kind="1" symbol="H" type="ha"/>
      <improper Atom1="p1" Atom2="3" Atom3="1" Atom4="2"/>
      <improper Atom1="n1" Atom2="1" Atom3="3" Atom4="4"/>
      <connectionPoints atoms="1 3 "/>
    </fragment>
    <fragment code="2PL00ETO" identity="ethoxy" symbol="ETO">
      <atom atNum="8" atmCharge="-0.22072" bTop="2" bType="1" bond12="-1" bond13="-2" bond14="-3" bondAngle="111.208" bondLength="1.54" bondTorsion="180" chain="M" hybridization="sp3" identity=" O  " index="1" kind="7" symbol="O" type="os"/>
      <atom atNum="6" atmCharge="0.26091" bTop="2" bType="1" bond12="1" bond13="-1" bond14="-2" bondAngle="19.629" bondLength="1.396" bondTorsion="-90" chain="M" hybridization="sp3" identity=" C1 " index="2" kind="7" symbol="C" type="c3"/>
      <atom atNum="1" atmCharge="-0.01194" bTop="0" bType="1" bond12="2" bond13="1" bond14="-1" bondAngle="110.087" bondLength="1.091" bondTorsion="-59.004" chain="E" hybridization="s" identity=" H3 " index="3" kind="1" symbol="H" type="h1"/>
      <atom atNum="1" atmCharge="-0.01194" bTop="0" bType="1" bond12="2" bond13="1" bond14="-1" bondAngle="110.087" bondLength="1.091" bondTorsion="59.004" chain="E" hybridization="s" identity=" H4 " index="4" kind="1" symbol="H" type="h1"/>
      <atom atNum="6" atmCharge="-0.03077" bTop="2" bType="1" bond12="2" bond13="1" bond14="-1" bondAngle="108.799" bondLength="1.519" bondTorsion="-180" chain="M" hybridization="sp3" identity=" C2 " index="5" kind="7" symbol="C" type="c3"/>
      <atom atNum="1" atmCharge="0.00723" bTop="0" bType="1" bond12="5" bond13="2" bond14="1" bondAngle="108.46" bondLength="1.086" bondTorsion="-57.802" chain="E" hybridization="s" identity=" H5 " index="6" kind="1" symbol="H" type="hc"/>
      <atom atNum="1" atmCharge="0.00723" bTop="0" bType="1" bond12="5" bond13="2" bond14="1" bondAngle="108.46" bondLength="1.086" bondTorsion="57.802" chain="E" hybridization="s" identity=" H6 " index="7" kind="1" symbol="H" type="hc"/>
      <connectionPoints atoms="1 5 "/>
      <feature atoms="1 " identity="HBA"/>
    </fragment>
    <fragment code="2PL00LYH" identity="ethyl" symbol="LYH" type="l">
      <atom atmCharge="0" bKind="0" bTop="2" bType="1" bond12="-1" bond13="-2" bond14="-3" bondAngle="111.208" bondLength="1.54" bondTorsion="180" chain="M" identity=" C  " index="1" kind="3" type="c3"/>
      <atom atmCharge="0" bKind="0" bTop="0" bType="1" bond12="1" bond13="-1" bond14="-2" bondAngle="61.887" bondLength="1.08385" bondTorsion="22.211" chain="E" identity=" H2 " index="2" kind="1" type="hc"/>
      <atom atmCharge="0" bKind="0" bTop="0" bType="1" bond12="1" bond13="-1" bond14="-2" bondAngle="61.887" bondLength="1.08385" bondTorsion="157.789" chain="E" identity=" H3 " index="3" kind="1" type="hc"/>
      <connectionPoints atoms="1 "/>
    </fragment>
    <fragment code="2PL00CIS" identity="cis-alkene" symbol="CIS" type="l">
      <atom atmCharge="0" bKind="0" bTop="2" bType="1" bond12="-1" bond13="-2" bond14="-3" bondAngle="111.208" bondLength="1.54" bondTorsion="180" chain="M" identity=" C  " index="1" kind="2" type="c2"/>
      <atom atmCharge="0" bKind="0" bTop="0" bType="1" bond12="1" bond13="-1" bond14="-2" bondAngle="29.98" bondLength="1.07604" bondTorsion="90" chain="E" identity=" H3 " index="2" kind="1" type="ha"/>
      <atom atmCharge="0" bKind="0" bTop="2" bType="2" bond12="1" bond13="-1" bond14="-2" bondAngle="90" bondLength="1.31678" bondTorsion="-90" chain="M" identity=" C1 " index="3" kind="2" type="c2"/>
      <atom atmCharge="0" bKind="0" bTop="0" bType="1" bond12="3" bond13="1" bond14="-1" bondAngle="121.815" bondLength="1.07604" bondTorsion="-180" chain="E" identity=" H1 " index="4" kind="1" type="ha"/>
      <improper Atom1="p1" Atom2="3" Atom3="1" Atom4="2"/>
      <improper Atom1="n1" Atom2="1" Atom3="3" Atom4="4"/>
      <connectionPoints atoms="1 3 "/>
    </fragment>
    <fragment code="2PL00PP4" identity="phosphonicAcidEster" symbol="PP4" type="l">
      <atom atmCharge="0.16692" bKind="0" bTop="2" bType="1" bond12="-1" bond13="-2" bond14="-3" bondAngle="111.208" bondLength="1.54" bondTorsion="180" chain="M" identity=" P  " index="1" kind="3" type="p5"/>
      <atom atmCharge="-0.19506" bKind="0" bTop="2" bType="1" bond12="1" bond13="-1" bond14="-2" bondAngle="62.839" bondLength="1.48323" bondTorsion="26.069" chain="E" identity=" O  " index="2" kind="2" type="o"/>
      <atom atmCharge="-0.19506" bKind="0" bTop="2" bType="2" bond12="1" bond13="-1" bond14="-2" bondAngle="90.317" bondLength="1.47453" bondTorsion="-89.405" chain="E" identity=" O1 " index="3" kind="2" type="o"/>
      <atom atmCharge="0.2232" bKind="0" bTop="2" bType="1" bond12="1" bond13="-1" bond14="-2" bondAngle="156.993" bondLength="1.65236" bondTorsion="89.358" chain="M" identity=" O2 " index="4" kind="2" type="oh"/>
      <feature atoms="3 " identity="HBA"/>
      <feature atoms="4 " identity="HBA"/>
      <feature atoms="5 " identity="HBA"/>
      <feature atoms="2 " identity="NCC"/>
      <connectionPoints atoms="1 4 "/>
    </fragment>
    <fragment code="2PL00KET" identity="ketone" symbol="KET">
      <atom atNum="6" atmCharge="0.52927" bTop="2" bType="1" bond12="-1" bond13="-2" bond14="-3" bondAngle="111.208" bondLength="1.54" bondTorsion="180" chain="M" hybridization="sp2" identity=" C1 " index="1" kind="3" symbol="C" type="c"/>
      <atom atNum="8" atmCharge="-0.52927" bTop="2" bType="2" bond12="1" bond13="-1" bond14="-2" bondAngle="34.783" bondLength="1.192" bondTorsion="-90" chain="M" hybridization="sp2" identity=" O  " index="2" kind="2" symbol="O" type="o"/>
      <feature atoms="2 " identity="HBA"/>
      <connectionPoints atoms="1 1 "/>
      <feature atoms="2" identity="HBA"/>
    </fragment>
  </group>

</stdLib>
