<?xml version="1.0" encoding="UTF-8" standalone="no" ?>
<stdLib>

  <group identity="3PtLinkers">
    <fragment code="3PL00ROP" identity="propyl" symbol="ROP" type="l">
      <atom atmCharge="0" bKind="0" bTop="2" bType="1" bond12="-1" bond13="-2" bond14="-3" bondAngle="111.208" bondLength="1.54" bondTorsion="180" chain="M" identity=" C  " index="1" kind="3" type="c3"/>
      <atom atmCharge="0" bKind="0" bTop="0" bType="1" bond12="1" bond13="-1" bond14="-2" bondAngle="90" bondLength="1.08335" bondTorsion="-90" chain="E" identity=" H  " index="2" kind="1" type="hc"/>
      <connectionPoints atoms="1 1 1 "/>
    </fragment>
    <fragment identity="alkene" symbol="AK4">
      <atom atNum="6" atmCharge="-0.18029" bTop="2" bType="1" bond12="-1" bond13="-2" bond14="-3" bondAngle="111.208" bondLength="1.54" bondTorsion="180" chain="M" hybridization="sp2" identity=" C  " index="1" kind="3" symbol="C" type="c2"/>
      <atom atNum="1" atmCharge="0.11659" bTop="0" bType="1" bond12="1" bond13="-1" bond14="-2" bondAngle="150.512" bondLength="1.079" bondTorsion="90" chain="E" hybridization="s" identity=" H  " index="2" kind="1" symbol="H" type="ha"/>
      <atom atNum="6" atmCharge="0.0637" bTop="2" bType="2" bond12="1" bond13="-1" bond14="-2" bondAngle="91.083" bondLength="1.323" bondTorsion="-90" chain="M" hybridization="sp2" identity=" C1 " index="3" kind="3" symbol="C" type="c2"/>
      <improper Atom1="p1" Atom2="3" Atom3="1" Atom4="2"/>
    </fragment>
    <fragment identity="alphaAminoAcid" symbol="ADB">
      <atom atNum="7" atmCharge="-0.46119" bTop="2" bType="1" bond12="-1" bond13="-2" bond14="-3" bondAngle="111.208" bondLength="1.54" bondTorsion="180" chain="M" hybridization="sp3" identity=" N1 " index="1" kind="3" symbol="N" type="n3"/>
      <atom atNum="1" atmCharge="0.35528" bTop="0" bType="1" bond12="1" bond13="-1" bond14="-2" bondAngle="13.984" bondLength="1.002" bondTorsion="-76.136" chain="E" hybridization="s" identity=" H1 " index="2" kind="1" symbol="H" type="hn"/>
      <atom atNum="6" atmCharge="-0.0386" bTop="2" bType="1" bond12="1" bond13="-1" bond14="-2" bondAngle="109.834" bondLength="1.444" bondTorsion="-163.272" chain="M" hybridization="sp3" identity=" C2 " index="3" kind="3" symbol="C" type="c3"/>
      <atom atNum="1" atmCharge="0.12539" bTop="0" bType="1" bond12="3" bond13="1" bond14="-1" bondAngle="108.079" bondLength="1.087" bondTorsion="-173.147" chain="E" hybridization="s" identity=" H2 " index="4" kind="1" symbol="H" type="h1"/>
      <atom atNum="6" atmCharge="0.52498" bTop="2" bType="1" bond12="3" bond13="1" bond14="-1" bondAngle="113.286" bondLength="1.534" bondTorsion="66.485" chain="M" hybridization="sp2" identity=" C3 " index="5" kind="3" symbol="C" type="c"/>
      <atom atNum="8" atmCharge="-0.50586" bTop="2" bType="2" bond12="5" bond13="3" bond14="1" bondAngle="120.546" bondLength="1.194" bondTorsion="-28.557" chain="E" hybridization="sp2" identity=" O3 " index="6" kind="2" symbol="O" type="o"/>
      <improper Atom1="n1" Atom2="3" Atom3="5" Atom4="6"/>
    </fragment>
    <fragment identity="carbamicAcidEster" symbol="CAD">
      <atom atNum="7" atmCharge="-0.0354" bTop="2" bType="1" bond12="-1" bond13="-2" bond14="-3" bondAngle="111.208" bondLength="1.54" bondTorsion="180" chain="M" hybridization="sp3" identity=" N  " index="1" kind="3" symbol="N" type="n"/>
      <atom atNum="6" atmCharge="0.71443" bTop="2" bType="1" bond12="1" bond13="-1" bond14="-2" bondAngle="19.896" bondLength="1.352" bondTorsion="90" chain="M" hybridization="sp2" identity=" C2 " index="2" kind="3" symbol="C" type="c"/>
      <atom atNum="8" atmCharge="-0.60182" bTop="2" bType="2" bond12="2" bond13="1" bond14="-1" bondAngle="124.783" bondLength="1.199" bondTorsion="0" chain="E" hybridization="sp2" identity=" O1 " index="3" kind="2" symbol="O" type="o"/>
      <atom atNum="8" atmCharge="-0.07721" bTop="2" bType="1" bond12="2" bond13="1" bond14="-1" bondAngle="112.655" bondLength="1.33" bondTorsion="180" chain="M" hybridization="sp3" identity=" O  " index="4" kind="3" symbol="O" type="os"/>
      <improper Atom1="1" Atom2="3" Atom3="2" Atom4="4"/>
    </fragment>
    <fragment identity="enol" symbol="ENL">
      <atom atNum="6" atmCharge="-0.04144" bTop="2" bType="1" bond12="-1" bond13="-2" bond14="-3" bondAngle="111.208" bondLength="1.54" bondTorsion="180" chain="M" hybridization="sp2" identity=" C1 " index="1" kind="3" symbol="C" type="c2"/>
      <atom atNum="6" atmCharge="0.22593" bTop="2" bType="2" bond12="1" bond13="-1" bond14="-2" bondAngle="89.177" bondLength="1.322" bondTorsion="90" chain="M" hybridization="sp2" identity=" C  " index="2" kind="3" symbol="C" type="c2"/>
      <atom atNum="8" atmCharge="-0.63943" bTop="2" bType="1" bond12="2" bond13="1" bond14="-1" bondAngle="118.76" bondLength="1.367" bondTorsion="180" chain="S" hybridization="sp3" identity=" O  " index="3" kind="2" symbol="O" type="oh"/>
      <atom atNum="1" atmCharge="0.45494" bTop="0" bType="1" bond12="3" bond13="2" bond14="1" bondAngle="110.999" bondLength="0.945" bondTorsion="-180" chain="E" hybridization="s" identity=" H9 " index="4" kind="1" symbol="H" type="ho"/>
      <improper Atom1="n1" Atom2="1" Atom3="2" Atom4="3"/>
    </fragment>
    <fragment identity="hemiacetal" symbol="HEM">
      <atom atNum="6" atmCharge="0.40625" bTop="2" bType="1" bond12="-1" bond13="-2" bond14="-3" bondAngle="111.208" bondLength="1.54" bondTorsion="180" chain="M" hybridization="sp3" identity=" C  " index="1" kind="3" symbol="C" type="c3"/>
      <atom atNum="8" atmCharge="-0.75288" bTop="2" bType="1" bond12="1" bond13="-1" bond14="-2" bondAngle="97.817" bondLength="1.397" bondTorsion="-90" chain="S" hybridization="sp3" identity=" O  " index="2" kind="2" symbol="O" type="oh"/>
      <atom atNum="1" atmCharge="0.47607" bTop="0" bType="1" bond12="2" bond13="1" bond14="-1" bondAngle="109.479" bondLength="0.946" bondTorsion="-0" chain="E" hybridization="s" identity=" H  " index="3" kind="1" symbol="H" type="ho"/>
      <atom atNum="8" atmCharge="-0.12944" bTop="2" bType="1" bond12="1" bond13="-1" bond14="-2" bondAngle="160.368" bondLength="1.393" bondTorsion="90" chain="M" hybridization="sp3" identity=" O1 " index="4" kind="3" symbol="O" type="os"/>
    </fragment>
    <fragment identity="hydroxylAmine" symbol="HXA">
      <atom atNum="7" atmCharge="0.1223" bTop="2" bType="1" bond12="-1" bond13="-2" bond14="-3" bondAngle="111.208" bondLength="1.54" bondTorsion="180" chain="M" hybridization="sp3" identity=" N  " index="1" kind="3" symbol="N" type="n3"/>
      <atom atNum="8" atmCharge="-0.1223" bTop="2" bType="1" bond12="1" bond13="-1" bond14="-2" bondAngle="88.937" bondLength="1.401" bondTorsion="-90" chain="M" hybridization="sp3" identity=" O  " index="2" kind="3" symbol="O" type="os"/>
    </fragment>
    <fragment identity="imide" symbol="IME">
      <atom atNum="7" atmCharge="-0.1216" bTop="2" bType="1" bond12="-1" bond13="-2" bond14="-3" bondAngle="111.208" bondLength="1.54" bondTorsion="180" chain="M" hybridization="sp3" identity=" N  " index="1" kind="3" symbol="N" type="n"/>
      <atom atNum="6" atmCharge="0.5825" bTop="2" bType="1" bond12="1" bond13="-1" bond14="-2" bondAngle="30.224" bondLength="1.408" bondTorsion="90" chain="B" hybridization="sp2" identity=" C2 " index="2" kind="3" symbol="C" type="c"/>
      <atom atNum="8" atmCharge="-0.5217" bTop="2" bType="2" bond12="2" bond13="1" bond14="-1" bondAngle="122.822" bondLength="1.187" bondTorsion="0" chain="E" hybridization="sp2" identity=" O1 " index="3" kind="2" symbol="O" type="o"/>
      <atom atNum="6" atmCharge="0.5825" bTop="2" bType="1" bond12="1" bond13="-1" bond14="-2" bondAngle="89.797" bondLength="1.412" bondTorsion="-90" chain="M" hybridization="sp2" identity=" C  " index="4" kind="3" symbol="C" type="c"/>
      <atom atNum="8" atmCharge="-0.5217" bTop="2" bType="2" bond12="4" bond13="1" bond14="-1" bondAngle="123.947" bondLength="1.185" bondTorsion="-0" chain="E" hybridization="sp2" identity=" O  " index="5" kind="2" symbol="O" type="o"/>
    </fragment>
    <fragment identity="imidoEster" symbol="IDE">
      <atom atNum="8" atmCharge="-0.09135" bTop="2" bType="1" bond12="-1" bond13="-2" bond14="-3" bondAngle="111.208" bondLength="1.54" bondTorsion="180" chain="M" hybridization="sp3" identity=" O  " index="1" kind="3" symbol="O" type="os"/>
      <atom atNum="6" atmCharge="0.56217" bTop="2" bType="1" bond12="1" bond13="-1" bond14="-2" bondAngle="32.478" bondLength="1.35" bondTorsion="90" chain="M" hybridization="sp2" identity=" C  " index="2" kind="3" symbol="C" type="c2"/>
      <atom atNum="7" atmCharge="-0.47082" bTop="2" bType="2" bond12="2" bond13="1" bond14="-1" bondAngle="120.454" bondLength="1.246" bondTorsion="180" chain="M" hybridization="sp2" identity=" N  " index="3" kind="3" symbol="N" type="n2"/>
    </fragment>
    <fragment identity="imidoThioEster" symbol="ITE">
      <atom atNum="16" atmCharge="-0.1439" bTop="2" bType="1" bond12="-1" bond13="-2" bond14="-3" bondAngle="111.208" bondLength="1.54" bondTorsion="180" chain="M" hybridization="sp3" identity=" S  " index="1" kind="3" symbol="S" type="ss"/>
      <atom atNum="6" atmCharge="0.50259" bTop="2" bType="1" bond12="1" bond13="-1" bond14="-2" bondAngle="29.915" bondLength="1.799" bondTorsion="90" chain="M" hybridization="sp2" identity=" C  " index="2" kind="3" symbol="C" type="c2"/>
      <atom atNum="7" atmCharge="-0.35869" bTop="2" bType="2" bond12="2" bond13="1" bond14="-1" bondAngle="121.063" bondLength="1.247" bondTorsion="180" chain="M" hybridization="sp2" identity=" N  " index="3" kind="3" symbol="N" type="n2"/>
    </fragment>
    <fragment identity="nOxide" symbol="NOX">
      <atom atNum="7" atmCharge="0.72974" bTop="2" bType="1" bond12="-1" bond13="-2" bond14="-3" bondAngle="111.208" bondLength="1.54" bondTorsion="180" chain="M" hybridization="sp3" identity=" N  " index="1" kind="3" symbol="N" type="n4"/>
      <atom atNum="8" atmCharge="-0.72974" bTop="2" bType="1" bond12="1" bond13="-1" bond14="-2" bondAngle="61.889" bondLength="1.367" bondTorsion="157.775" chain="M" hybridization="sp3" identity=" O  " index="2" kind="2" symbol="O" type="o"/>
    </fragment>
    <fragment identity="oximeEther" symbol="OXE">
      <atom atNum="6" atmCharge="0.34335" bTop="2" bType="1" bond12="-1" bond13="-2" bond14="-3" bondAngle="111.208" bondLength="1.54" bondTorsion="180" chain="M" hybridization="sp2" identity=" C  " index="1" kind="3" symbol="C" type="c2"/>
      <atom atNum="7" atmCharge="-0.39228" bTop="2" bType="2" bond12="1" bond13="-1" bond14="-2" bondAngle="89.818" bondLength="1.257" bondTorsion="-90" chain="M" hybridization="sp2" identity=" N  " index="2" kind="3" symbol="N" type="n2"/>
      <atom atNum="8" atmCharge="0.04893" bTop="2" bType="1" bond12="2" bond13="1" bond14="-1" bondAngle="112.518" bondLength="1.373" bondTorsion="-180" chain="M" hybridization="sp3" identity=" O  " index="3" kind="3" symbol="O" type="os"/>
    </fragment>
    <fragment identity="phosphine" symbol="PHI">
      <atom atNum="15" atmCharge="0" bTop="2" bType="1" bond12="-1" bond13="-2" bond14="-3" bondAngle="111.208" bondLength="1.54" bondTorsion="180" chain="M" hybridization="sp3" identity=" P  " index="1" kind="3" symbol="P" type="p3"/>
    </fragment>
    <fragment identity="phosphinoxide" symbol="PHO">
      <atom atNum="15" atmCharge="0.69118" bTop="2" bType="1" bond12="-1" bond13="-2" bond14="-3" bondAngle="111.208" bondLength="1.54" bondTorsion="180" chain="M" hybridization="sp3" identity=" P  " index="1" kind="3" symbol="P" type="p5"/>
      <atom atNum="8" atmCharge="-0.69118" bTop="2" bType="2" bond12="1" bond13="-1" bond14="-2" bondAngle="90" bondLength="1.473" bondTorsion="-90" chain="M" hybridization="sp2" identity=" O  " index="2" kind="2" symbol="O" type="o"/>
    </fragment>
    <fragment identity="secKetimine" symbol="SKT">
      <atom atNum="6" atmCharge="0.33815" bTop="2" bType="1" bond12="-1" bond13="-2" bond14="-3" bondAngle="111.208" bondLength="1.54" bondTorsion="180" chain="M" hybridization="sp2" identity=" C1 " index="1" kind="3" symbol="C" type="c2"/>
      <atom atNum="7" atmCharge="-0.33815" bTop="2" bType="2" bond12="1" bond13="-1" bond14="-2" bondAngle="141.576" bondLength="1.255" bondTorsion="-68.799" chain="M" hybridization="sp2" identity=" N  " index="2" kind="3" symbol="N" type="n2"/>
    </fragment>
    <fragment identity="sulfenicAcidAmide" symbol="SLA">
      <atom atNum="16" atmCharge="-0.07779" bTop="2" bType="1" bond12="-1" bond13="-2" bond14="-3" bondAngle="111.208" bondLength="1.54" bondTorsion="180" chain="M" hybridization="sp3" identity=" S  " index="1" kind="3" symbol="S" type="ss"/>
      <atom atNum="7" atmCharge="0.07779" bTop="2" bType="1" bond12="1" bond13="-1" bond14="-2" bondAngle="23.432" bondLength="1.71" bondTorsion="115.058" chain="M" hybridization="sp3" identity=" N  " index="2" kind="3" symbol="N" type="n3"/>
    </fragment>
    <fragment identity="sulfinicAcidAmide" symbol="SIM">
      <atom atNum="16" atmCharge="0.43423" bTop="2" bType="1" bond12="-1" bond13="-2" bond14="-3" bondAngle="111.208" bondLength="1.54" bondTorsion="180" chain="M" hybridization="sp2" identity=" S  " index="1" kind="3" symbol="S" type="s4"/>
      <atom atNum="8" atmCharge="-0.50503" bTop="2" bType="2" bond12="1" bond13="-1" bond14="-2" bondAngle="136.835" bondLength="1.477" bondTorsion="-149.348" chain="E" hybridization="sp2" identity=" O  " index="2" kind="2" symbol="O" type="o"/>
      <atom atNum="7" atmCharge="0.0708" bTop="2" bType="1" bond12="1" bond13="-1" bond14="-2" bondAngle="91.666" bondLength="1.686" bondTorsion="87.313" chain="M" hybridization="sp3" identity=" N  " index="3" kind="3" symbol="N" type="n3"/>
    </fragment>
    <fragment identity="sulfonamide" symbol="SFA">
      <atom atNum="16" atmCharge="1.10777" bTop="2" bType="1" bond12="-1" bond13="-2" bond14="-3" bondAngle="111.208" bondLength="1.54" bondTorsion="180" chain="M" hybridization="sp3" identity=" S  " index="1" kind="3" symbol="S" type="s6"/>
      <atom atNum="8" atmCharge="-0.56587" bTop="2" bType="2" bond12="1" bond13="-1" bond14="-2" bondAngle="59.612" bondLength="1.431" bondTorsion="37.993" chain="E" hybridization="sp2" identity=" O  " index="2" kind="2" symbol="O" type="o"/>
      <atom atNum="8" atmCharge="-0.56587" bTop="2" bType="2" bond12="1" bond13="-1" bond14="-2" bondAngle="69.669" bondLength="1.433" bondTorsion="-175.562" chain="E" hybridization="sp2" identity=" O1 " index="3" kind="2" symbol="O" type="o"/>
      <atom atNum="7" atmCharge="0.02398" bTop="2" bType="1" bond12="1" bond13="-1" bond14="-2" bondAngle="159.898" bondLength="1.651" bondTorsion="91.818" chain="M" hybridization="sp3" identity=" N  " index="4" kind="3" symbol="N" type="n3"/>
    </fragment>
    <fragment identity="sulfuricAcidAmideEster" symbol="AAE">
      <atom atNum="8" atmCharge="-0.11172" bTop="2" bType="1" bond12="-1" bond13="-2" bond14="-3" bondAngle="111.208" bondLength="1.54" bondTorsion="180" chain="M" hybridization="sp3" identity=" O  " index="1" kind="3" symbol="O" type="os"/>
      <atom atNum="16" atmCharge="1.33357" bTop="2" bType="1" bond12="1" bond13="-1" bond14="-2" bondAngle="84.13" bondLength="1.574" bondTorsion="105.101" chain="M" hybridization="sp3" identity=" S  " index="2" kind="3" symbol="S" type="s6"/>
      <atom atNum="8" atmCharge="-0.57883" bTop="2" bType="2" bond12="2" bond13="1" bond14="-1" bondAngle="109.519" bondLength="1.423" bondTorsion="-64.54" chain="E" hybridization="sp2" identity=" O1 " index="3" kind="2" symbol="O" type="o"/>
      <atom atNum="8" atmCharge="-0.57883" bTop="2" bType="2" bond12="2" bond13="1" bond14="-1" bondAngle="107.312" bondLength="1.427" bondTorsion="65.706" chain="E" hybridization="sp2" identity=" O2 " index="4" kind="2" symbol="O" type="o"/>
      <atom atNum="7" atmCharge="-0.06419" bTop="2" bType="1" bond12="2" bond13="1" bond14="-1" bondAngle="98.438" bondLength="1.626" bondTorsion="-177.945" chain="M" hybridization="sp3" identity=" N  " index="5" kind="3" symbol="N" type="n3"/>
    </fragment>
    <fragment identity="tertAlcohol" symbol="TAL">
      <atom atNum="6" atmCharge="0.24198" bTop="2" bType="1" bond12="-1" bond13="-2" bond14="-3" bondAngle="111.208" bondLength="1.54" bondTorsion="180" chain="M" hybridization="sp3" identity=" C  " index="1" kind="3" symbol="C" type="c3"/>
      <atom atNum="8" atmCharge="-0.66341" bTop="2" bType="1" bond12="1" bond13="-1" bond14="-2" bondAngle="61.461" bondLength="1.415" bondTorsion="160.399" chain="M" hybridization="sp3" identity=" O  " index="2" kind="2" symbol="O" type="oh"/>
      <atom atNum="1" atmCharge="0.42144" bTop="0" bType="1" bond12="2" bond13="1" bond14="-1" bondAngle="109.525" bondLength="0.948" bondTorsion="-99.635" chain="E" hybridization="s" identity=" H  " index="3" kind="1" symbol="H" type="ho"/>
    </fragment>
    <fragment identity="tertAmide" symbol="TAM">
      <atom atNum="6" atmCharge="0.55362" bTop="2" bType="1" bond12="-1" bond13="-2" bond14="-3" bondAngle="111.208" bondLength="1.54" bondTorsion="180" chain="M" hybridization="sp2" identity=" C  " index="1" kind="7" symbol="C" type="c"/>
      <atom atNum="8" atmCharge="-0.58548" bTop="2" bType="2" bond12="1" bond13="-1" bond14="-2" bondAngle="143.9" bondLength="1.202" bondTorsion="89.272" chain="E" hybridization="sp2" identity=" O  " index="2" kind="2" symbol="O" type="o"/>
      <atom atNum="7" atmCharge="0.03186" bTop="2" bType="1" bond12="1" bond13="-1" bond14="-2" bondAngle="26.584" bondLength="1.363" bondTorsion="132.741" chain="M" hybridization="sp3" identity=" N  " index="3" kind="0" symbol="N" type="n"/>
      <improper Atom1="p1" Atom2="3" Atom3="1" Atom4="2"/>
    </fragment>
    <fragment identity="tertAmine" symbol="TTA">
      <atom atNum="7" atmCharge="0" bTop="2" bType="1" bond12="-1" bond13="-2" bond14="-3" bondAngle="111.208" bondLength="1.54" bondTorsion="180" chain="M" hybridization="sp3" identity=" N  " index="1" kind="3" symbol="N" type="n3"/>
    </fragment>
    <fragment code="3PL00TT1" identity="tertraryAmineEt" symbol="TT1" type="l">
      <atom atmCharge="-0.06508" bKind="0" bTop="2" bType="1" bond12="-1" bond13="-2" bond14="-3" bondAngle="111.208" bondLength="1.54" bondTorsion="180" chain="M" identity=" N  " index="1" kind="2" type="n3"/>
      <atom atmCharge="0.06585" bKind="0" bTop="2" bType="1" bond12="1" bond13="-1" bond14="-2" bondAngle="19.467" bondLength="1.45592" bondTorsion="90" chain="M" identity=" C  " index="2" kind="3" type="c3"/>
      <atom atmCharge="0.03002" bKind="0" bTop="0" bType="1" bond12="2" bond13="1" bond14="-1" bondAngle="107.683" bondLength="1.08511" bondTorsion="180" chain="E" identity=" H2 " index="3" kind="1" type="h1"/>
      <atom atmCharge="0.03002" bKind="0" bTop="0" bType="1" bond12="2" bond13="1" bond14="-1" bondAngle="113.164" bondLength="1.09214" bondTorsion="-60.003" chain="E" identity=" H3 " index="4" kind="1" type="h1"/>
      <atom atmCharge="-0.06082" bKind="0" bTop="2" bType="1" bond12="2" bond13="1" bond14="-1" bondAngle="110.401" bondLength="1.52271" bondTorsion="60.021" chain="M" identity=" C1 " index="5" kind="2" type="c3"/>
      <atom atmCharge="0" bKind="0" bTop="0" bType="1" bond12="5" bond13="2" bond14="1" bondAngle="110.98" bondLength="1.08573" bondTorsion="178.338" chain="E" identity=" H4 " index="6" kind="1" type="hc"/>
      <atom atmCharge="0" bKind="0" bTop="0" bType="1" bond12="5" bond13="2" bond14="1" bondAngle="110.367" bondLength="1.08402" bondTorsion="57.6849" chain="E" identity=" H6 " index="7" kind="1" type="hc"/>
      <feature atoms="1 " identity="HBA"/>
      <connectionPoints atoms="1 5 "/>
    </fragment>
    <fragment identity="thioCarbamicAcidEster" symbol="ARB">
      <atom atNum="7" atmCharge="0.19184" bTop="2" bType="1" bond12="-1" bond13="-2" bond14="-3" bondAngle="111.208" bondLength="1.54" bondTorsion="180" chain="M" hybridization="sp3" identity=" N  " index="1" kind="3" symbol="N" type="n"/>
      <atom atNum="6" atmCharge="0.13516" bTop="2" bType="1" bond12="1" bond13="-1" bond14="-2" bondAngle="18.925" bondLength="1.332" bondTorsion="90" chain="M" hybridization="sp2" identity=" C2 " index="2" kind="3" symbol="C" type="c"/>
      <atom atNum="16" atmCharge="-0.44179" bTop="2" bType="2" bond12="2" bond13="1" bond14="-1" bondAngle="125.637" bondLength="1.682" bondTorsion="0" chain="E" hybridization="sp2" identity=" S  " index="3" kind="2" symbol="S" type="s"/>
      <atom atNum="8" atmCharge="0.11479" bTop="2" bType="1" bond12="2" bond13="1" bond14="-1" bondAngle="111.711" bondLength="1.317" bondTorsion="180" chain="M" hybridization="sp3" identity=" O  " index="4" kind="3" symbol="O" type="os"/>
      <improper Atom1="1" Atom2="4" Atom3="2" Atom4="3"/>
    </fragment>
    <fragment identity="thioTertAmide" symbol="TIA">
      <atom atNum="6" atmCharge="0.21658" bTop="2" bType="1" bond12="-1" bond13="-2" bond14="-3" bondAngle="111.208" bondLength="1.54" bondTorsion="180" chain="M" hybridization="sp2" identity=" C1 " index="1" kind="3" symbol="C" type="c"/>
      <atom atNum="16" atmCharge="-0.46358" bTop="2" bType="2" bond12="1" bond13="-1" bond14="-2" bondAngle="33.85" bondLength="1.669" bondTorsion="-128.053" chain="E" hybridization="sp2" identity=" S  " index="2" kind="2" symbol="S" type="s"/>
      <atom atNum="7" atmCharge="0.247" bTop="2" bType="1" bond12="1" bond13="-1" bond14="-2" bondAngle="155.022" bondLength="1.329" bondTorsion="-100.469" chain="M" hybridization="sp3" identity=" N  " index="3" kind="3" symbol="N" type="n"/>
      <improper Atom1="p1" Atom2="3" Atom3="1" Atom4="2"/>
    </fragment>
  </group>

</stdLib>
