<?xml version="1.0" encoding="UTF-8" standalone="no" ?>
<stdLib>

  <group identity="4PtLinkers">
    <fragment code="4PL00BUT" identity="butyl" symbol="BUT" type="l">
      <atom atmCharge="0" bKind="0" bTop="2" bType="1" bond12="-1" bond13="-2" bond14="-3" bondAngle="111.208" bondLength="1.54" bondTorsion="180" chain="M" identity=" C  " index="1" kind="3" type="c3"/>
      <connectionPoints atoms="1 1 1 1 "/>
    </fragment>
    <fragment identity="1,2-aminoAlcohol" symbol="12A">
      <atom atNum="6" atmCharge="0.30241" bTop="2" bType="1" bond12="-1" bond13="-2" bond14="-3" bondAngle="111.208" bondLength="1.54" bondTorsion="180" chain="M" hybridization="sp3" identity=" C  " index="1" kind="3" symbol="C" type="c3"/>
      <atom atNum="8" atmCharge="-0.64631" bTop="2" bType="1" bond12="1" bond13="-1" bond14="-2" bondAngle="92.417" bondLength="1.423" bondTorsion="-92.701" chain="S" hybridization="sp3" identity=" O  " index="2" kind="2" symbol="O" type="oh"/>
      <atom atNum="1" atmCharge="0.41156" bTop="0" bType="1" bond12="2" bond13="1" bond14="-1" bondAngle="109.887" bondLength="0.947" bondTorsion="20.046" chain="E" hybridization="s" identity=" H  " index="3" kind="1" symbol="H" type="ho"/>
      <atom atNum="6" atmCharge="0.13866" bTop="2" bType="1" bond12="1" bond13="-1" bond14="-2" bondAngle="61.227" bondLength="1.566" bondTorsion="157.881" chain="M" hybridization="sp3" identity=" C3 " index="4" kind="3" symbol="C" type="c3"/>
      <atom atNum="7" atmCharge="-0.99306" bTop="2" bType="1" bond12="4" bond13="1" bond14="-1" bondAngle="106.722" bondLength="1.461" bondTorsion="139.912" chain="B" hybridization="sp3" identity=" N  " index="5" kind="2" symbol="N" type="n3"/>
      <atom atNum="1" atmCharge="0.39336" bTop="0" bType="1" bond12="5" bond13="4" bond14="1" bondAngle="110.449" bondLength="1.002" bondTorsion="-174.08" chain="E" hybridization="s" identity=" H7 " index="6" kind="1" symbol="H" type="hn"/>
      <atom atNum="1" atmCharge="0.39336" bTop="0" bType="1" bond12="5" bond13="4" bond14="1" bondAngle="109.97" bondLength="1.001" bondTorsion="-55.291" chain="E" hybridization="s" identity=" H8 " index="7" kind="1" symbol="H" type="hn"/>
    </fragment>
    <fragment identity="1,2-diol" symbol="12D">
      <atom atNum="6" atmCharge="0.21302" bTop="2" bType="1" bond12="-1" bond13="-2" bond14="-3" bondAngle="111.208" bondLength="1.54" bondTorsion="180" chain="M" hybridization="sp3" identity=" C  " index="1" kind="3" symbol="C" type="c3"/>
      <atom atNum="8" atmCharge="-0.62578" bTop="2" bType="1" bond12="1" bond13="-1" bond14="-2" bondAngle="62.175" bondLength="1.41" bondTorsion="25.311" chain="S" hybridization="sp3" identity=" O  " index="2" kind="2" symbol="O" type="oh"/>
      <atom atNum="1" atmCharge="0.41277" bTop="0" bType="1" bond12="2" bond13="1" bond14="-1" bondAngle="107.726" bondLength="0.949" bondTorsion="92.574" chain="E" hybridization="s" identity=" H6 " index="3" kind="1" symbol="H" type="ho"/>
      <atom atNum="6" atmCharge="0.21302" bTop="2" bType="1" bond12="1" bond13="-1" bond14="-2" bondAngle="60.903" bondLength="1.559" bondTorsion="159.05" chain="M" hybridization="sp3" identity=" C3 " index="4" kind="3" symbol="C" type="c3"/>
      <atom atNum="8" atmCharge="-0.62578" bTop="2" bType="1" bond12="4" bond13="1" bond14="-1" bondAngle="103.443" bondLength="1.424" bondTorsion="-97.31" chain="S" hybridization="sp3" identity=" O1 " index="5" kind="2" symbol="O" type="oh"/>
      <atom atNum="1" atmCharge="0.41277" bTop="0" bType="1" bond12="5" bond13="4" bond14="1" bondAngle="109.833" bondLength="0.947" bondTorsion="172.336" chain="E" hybridization="s" identity=" H7 " index="6" kind="1" symbol="H" type="ho"/>
    </fragment>
    <fragment identity="acetal" symbol="ACE">
      <atom atNum="6" atmCharge="0.61133" bTop="2" bType="1" bond12="-1" bond13="-2" bond14="-3" bondAngle="111.208" bondLength="1.54" bondTorsion="180" chain="M" hybridization="sp3" identity=" C  " index="1" kind="3" symbol="C" type="c3"/>
      <atom atNum="8" atmCharge="-0.30567" bTop="2" bType="1" bond12="1" bond13="-1" bond14="-2" bondAngle="165.029" bondLength="1.397" bondTorsion="90" chain="S" hybridization="sp3" identity=" O1 " index="2" kind="3" symbol="O" type="os"/>
      <atom atNum="8" atmCharge="-0.30567" bTop="2" bType="1" bond12="1" bond13="-1" bond14="-2" bondAngle="94.515" bondLength="1.397" bondTorsion="-90" chain="M" hybridization="sp3" identity=" O  " index="3" kind="3" symbol="O" type="os"/>
    </fragment>
    <fragment identity="alkene" symbol="AK5">
      <atom atNum="6" atmCharge="0" bTop="2" bType="1" bond12="-1" bond13="-2" bond14="-3" bondAngle="111.208" bondLength="1.54" bondTorsion="180" chain="M" hybridization="sp2" identity=" C  " index="1" kind="3" symbol="C" type="c2"/>
      <atom atNum="6" atmCharge="0" bTop="2" bType="2" bond12="1" bond13="-1" bond14="-2" bondAngle="90" bondLength="1.329" bondTorsion="-90" chain="M" hybridization="sp2" identity=" C1 " index="2" kind="3" symbol="C" type="c2"/>
    </fragment>
    <fragment identity="amidine" symbol="AME">
      <atom atNum="7" atmCharge="0.08685" bTop="2" bType="1" bond12="-1" bond13="-2" bond14="-3" bondAngle="111.208" bondLength="1.54" bondTorsion="180" chain="M" hybridization="sp3" identity=" N1 " index="1" kind="3" symbol="N" type="nh"/>
      <atom atNum="6" atmCharge="0.28675" bTop="2" bType="1" bond12="1" bond13="-1" bond14="-2" bondAngle="155.193" bondLength="1.385" bondTorsion="90" chain="M" hybridization="sp2" identity=" C1 " index="2" kind="3" symbol="C" type="c2"/>
      <atom atNum="7" atmCharge="-0.3736" bTop="2" bType="2" bond12="2" bond13="1" bond14="-1" bondAngle="130.539" bondLength="1.261" bondTorsion="180" chain="M" hybridization="sp2" identity=" N  " index="3" kind="3" symbol="N" type="n2"/>
    </fragment>
    <fragment identity="carboxylicAcidHydrazide" symbol="CAH">
      <atom atNum="6" atmCharge="0.52483" bTop="2" bType="1" bond12="-1" bond13="-2" bond14="-3" bondAngle="111.208" bondLength="1.54" bondTorsion="180" chain="M" hybridization="sp2" identity=" C1 " index="1" kind="3" symbol="C" type="c"/>
      <atom atNum="8" atmCharge="-0.58507" bTop="2" bType="2" bond12="1" bond13="-1" bond14="-2" bondAngle="94.621" bondLength="1.204" bondTorsion="93.392" chain="E" hybridization="sp2" identity=" O  " index="2" kind="2" symbol="O" type="o"/>
      <atom atNum="7" atmCharge="-0.0068" bTop="2" bType="1" bond12="1" bond13="-1" bond14="-2" bondAngle="34.008" bondLength="1.36" bondTorsion="-50.175" chain="M" hybridization="sp3" identity=" N  " index="3" kind="3" symbol="N" type="n"/>
      <atom atNum="6" atmCharge="-0.0098" bTop="2" bType="1" bond12="3" bond13="1" bond14="-1" bondAngle="124.761" bondLength="1.462" bondTorsion="-130.802" chain="M" hybridization="sp3" identity=" C  " index="4" kind="3" symbol="C" type="c3"/>
      <atom atNum="1" atmCharge="0.07684" bTop="0" bType="1" bond12="4" bond13="3" bond14="1" bondAngle="106.94" bondLength="1.078" bondTorsion="-1.576" chain="E" hybridization="s" identity=" H  " index="5" kind="1" symbol="H" type="h1"/>
    </fragment>
    <fragment identity="enolEther" symbol="ELE">
      <atom atNum="6" atmCharge="-0.13883" bTop="2" bType="1" bond12="-1" bond13="-2" bond14="-3" bondAngle="111.208" bondLength="1.54" bondTorsion="180" chain="M" hybridization="sp2" identity=" C1 " index="1" kind="3" symbol="C" type="c2"/>
      <atom atNum="6" atmCharge="0.239" bTop="2" bType="2" bond12="1" bond13="-1" bond14="-2" bondAngle="86.407" bondLength="1.325" bondTorsion="90" chain="M" hybridization="sp2" identity=" C  " index="2" kind="3" symbol="C" type="c2"/>
      <atom atNum="8" atmCharge="-0.10018" bTop="2" bType="1" bond12="2" bond13="1" bond14="-1" bondAngle="116.947" bondLength="1.368" bondTorsion="180" chain="M" hybridization="sp3" identity=" O  " index="3" kind="3" symbol="O" type="os"/>
    </fragment>
    <fragment identity="hydrazine" symbol="HZI">
      <atom atNum="7" atmCharge="0" bTop="2" bType="1" bond12="-1" bond13="-2" bond14="-3" bondAngle="111.208" bondLength="1.54" bondTorsion="180" chain="M" hybridization="sp3" identity=" N  " index="1" kind="3" symbol="N" type="n3"/>
      <atom atNum="7" atmCharge="0" bTop="2" bType="1" bond12="1" bond13="-1" bond14="-2" bondAngle="61.727" bondLength="1.408" bondTorsion="21.227" chain="M" hybridization="sp3" identity=" N1 " index="2" kind="3" symbol="N" type="n3"/>
    </fragment>
    <fragment identity="hydrazone" symbol="HZO">
      <atom atNum="6" atmCharge="0.3884" bTop="2" bType="1" bond12="-1" bond13="-2" bond14="-3" bondAngle="111.208" bondLength="1.54" bondTorsion="180" chain="M" hybridization="sp2" identity=" C1 " index="1" kind="3" symbol="C" type="c2"/>
      <atom atNum="7" atmCharge="-0.4898" bTop="2" bType="2" bond12="1" bond13="-1" bond14="-2" bondAngle="47.069" bondLength="1.258" bondTorsion="-131.964" chain="M" hybridization="sp2" identity=" N  " index="2" kind="3" symbol="N" type="n2"/>
      <atom atNum="7" atmCharge="0.1014" bTop="2" bType="1" bond12="2" bond13="1" bond14="-1" bondAngle="116.207" bondLength="1.421" bondTorsion="-80.603" chain="M" hybridization="sp3" identity=" N1 " index="3" kind="3" symbol="N" type="nh"/>
    </fragment>
    <fragment identity="isoThioUrea" symbol="ITU">
      <atom atNum="7" atmCharge="0.13464" bTop="2" bType="1" bond12="-1" bond13="-2" bond14="-3" bondAngle="111.208" bondLength="1.54" bondTorsion="180" chain="M" hybridization="sp3" identity=" N  " index="1" kind="3" symbol="N" type="nh"/>
      <atom atNum="6" atmCharge="0.17173" bTop="2" bType="1" bond12="1" bond13="-1" bond14="-2" bondAngle="48.474" bondLength="1.377" bondTorsion="90" chain="M" hybridization="sp2" identity=" C2 " index="2" kind="3" symbol="C" type="c2"/>
      <atom atNum="16" atmCharge="-0.16175" bTop="2" bType="1" bond12="2" bond13="1" bond14="-1" bondAngle="113.342" bondLength="1.81" bondTorsion="0" chain="S" hybridization="sp3" identity=" S  " index="3" kind="3" symbol="S" type="ss"/>
      <atom atNum="7" atmCharge="-0.14463" bTop="2" bType="2" bond12="2" bond13="1" bond14="-1" bondAngle="131.911" bondLength="1.251" bondTorsion="180" chain="M" hybridization="sp2" identity=" N1 " index="4" kind="3" symbol="N" type="n2"/>
      <improper Atom1="4" Atom2="1" Atom3="2" Atom4="3"/>
    </fragment>
    <fragment identity="isoUrea" symbol="IUR">
      <atom atNum="7" atmCharge="0.01222" bTop="2" bType="1" bond12="-1" bond13="-2" bond14="-3" bondAngle="111.208" bondLength="1.54" bondTorsion="180" chain="M" hybridization="sp3" identity=" N  " index="1" kind="3" symbol="N" type="nh"/>
      <atom atNum="6" atmCharge="0.49669" bTop="2" bType="1" bond12="1" bond13="-1" bond14="-2" bondAngle="51.679" bondLength="1.374" bondTorsion="90" chain="M" hybridization="sp2" identity=" C2 " index="2" kind="3" symbol="C" type="c2"/>
      <atom atNum="8" atmCharge="-0.15135" bTop="2" bType="1" bond12="2" bond13="1" bond14="-1" bondAngle="109.361" bondLength="1.345" bondTorsion="0" chain="S" hybridization="sp3" identity=" O  " index="3" kind="3" symbol="O" type="os"/>
      <atom atNum="7" atmCharge="-0.35756" bTop="2" bType="2" bond12="2" bond13="1" bond14="-1" bondAngle="132.818" bondLength="1.253" bondTorsion="180" chain="M" hybridization="sp2" identity=" N1 " index="4" kind="3" symbol="N" type="n2"/>
      <improper Atom1="4" Atom2="1" Atom3="2" Atom4="3"/>
    </fragment>
    <fragment identity="quatAmmonium" symbol="QTA">
      <atom atNum="7" atmCharge="1" bTop="2" bType="1" bond12="-1" bond13="-2" bond14="-3" bondAngle="111.208" bondLength="1.54" bondTorsion="180" chain="M" hybridization="sp3" identity=" N  " index="1" kind="3" symbol="N" type="n4"/>
    </fragment>
    <fragment identity="sulfuricAcidDiamide" symbol="DIA">
      <atom atNum="7" atmCharge="0.03633" bTop="2" bType="1" bond12="-1" bond13="-2" bond14="-3" bondAngle="111.208" bondLength="1.54" bondTorsion="180" chain="M" hybridization="sp3" identity=" N  " index="1" kind="3" symbol="N" type="n3"/>
      <atom atNum="16" atmCharge="1.03224" bTop="2" bType="1" bond12="1" bond13="-1" bond14="-2" bondAngle="114.886" bondLength="1.656" bondTorsion="-165.705" chain="M" hybridization="sp3" identity=" S  " index="2" kind="3" symbol="S" type="s6"/>
      <atom atNum="8" atmCharge="-0.55245" bTop="2" bType="2" bond12="2" bond13="1" bond14="-1" bondAngle="105.412" bondLength="1.426" bondTorsion="86.161" chain="E" hybridization="sp2" identity=" O  " index="3" kind="2" symbol="O" type="o"/>
      <atom atNum="8" atmCharge="-0.55245" bTop="2" bType="2" bond12="2" bond13="1" bond14="-1" bondAngle="110.286" bondLength="1.43" bondTorsion="-143.035" chain="E" hybridization="sp2" identity=" O1 " index="4" kind="2" symbol="O" type="o"/>
      <atom atNum="7" atmCharge="0.03633" bTop="2" bType="1" bond12="2" bond13="1" bond14="-1" bondAngle="104.551" bondLength="1.622" bondTorsion="-28.444" chain="M" hybridization="sp3" identity=" N1 " index="5" kind="3" symbol="N" type="n3"/>
    </fragment>
    <fragment identity="thioAcetal" symbol="CET">
      <atom atNum="6" atmCharge="0.30619" bTop="2" bType="1" bond12="-1" bond13="-2" bond14="-3" bondAngle="111.208" bondLength="1.54" bondTorsion="180" chain="M" hybridization="sp3" identity=" C  " index="1" kind="3" symbol="C" type="c3"/>
      <atom atNum="16" atmCharge="-0.15309" bTop="2" bType="1" bond12="1" bond13="-1" bond14="-2" bondAngle="164.843" bondLength="1.847" bondTorsion="90" chain="S" hybridization="sp3" identity=" S1 " index="2" kind="3" symbol="S" type="ss"/>
      <atom atNum="16" atmCharge="-0.15309" bTop="2" bType="1" bond12="1" bond13="-1" bond14="-2" bondAngle="94.318" bondLength="1.846" bondTorsion="-90" chain="M" hybridization="sp3" identity=" S  " index="3" kind="3" symbol="S" type="ss"/>
    </fragment>
    <fragment identity="thioUrea" symbol="TIU">
      <atom atNum="7" atmCharge="0.18702" bTop="2" bType="1" bond12="-1" bond13="-2" bond14="-3" bondAngle="111.208" bondLength="1.54" bondTorsion="180" chain="M" hybridization="sp3" identity=" N  " index="1" kind="3" symbol="N" type="n"/>
      <atom atNum="6" atmCharge="0.07775" bTop="2" bType="1" bond12="1" bond13="-1" bond14="-2" bondAngle="42.703" bondLength="1.358" bondTorsion="-53.566" chain="M" hybridization="sp2" identity=" C  " index="2" kind="3" symbol="C" type="c"/>
      <atom atNum="16" atmCharge="-0.45178" bTop="2" bType="2" bond12="2" bond13="1" bond14="-1" bondAngle="122.229" bondLength="1.681" bondTorsion="-134.404" chain="E" hybridization="sp2" identity=" S  " index="3" kind="2" symbol="S" type="s"/>
      <atom atNum="7" atmCharge="0.18702" bTop="2" bType="1" bond12="2" bond13="1" bond14="-1" bondAngle="115.494" bondLength="1.358" bondTorsion="45.679" chain="M" hybridization="sp3" identity=" N1 " index="4" kind="3" symbol="N" type="n"/>
      <improper Atom1="1" Atom2="4" Atom3="2" Atom4="3"/>
    </fragment>
    <fragment identity="urea" symbol="URE">
      <atom atNum="7" atmCharge="-0.08606" bTop="2" bType="1" bond12="-1" bond13="-2" bond14="-3" bondAngle="111.208" bondLength="1.54" bondTorsion="180" chain="M" hybridization="sp3" identity=" N  " index="1" kind="3" symbol="N" type="n"/>
      <atom atNum="6" atmCharge="0.79042" bTop="2" bType="1" bond12="1" bond13="-1" bond14="-2" bondAngle="44.615" bondLength="1.381" bondTorsion="-50.187" chain="M" hybridization="sp2" identity=" C  " index="2" kind="3" symbol="C" type="c"/>
      <atom atNum="8" atmCharge="-0.61831" bTop="2" bType="2" bond12="2" bond13="1" bond14="-1" bondAngle="121.976" bondLength="1.201" bondTorsion="-129.666" chain="E" hybridization="sp2" identity=" O  " index="3" kind="2" symbol="O" type="o"/>
      <atom atNum="7" atmCharge="-0.08606" bTop="2" bType="1" bond12="2" bond13="1" bond14="-1" bondAngle="116.017" bondLength="1.381" bondTorsion="50.381" chain="M" hybridization="sp3" identity=" N1 " index="4" kind="3" symbol="N" type="n"/>
      <improper Atom1="4" Atom2="1" Atom3="2" Atom4="3"/>
    </fragment>
  </group>

</stdLib>
