<?xml version="1.0" encoding="UTF-8" standalone="no" ?>
<stdLib>
  <group identity="5PtLinkers">
    <fragment code="5PT00GUD" identity="guanidine" symbol="GUD" type="l">
      <atom atmCharge="-0.45842" bKind="0" bTop="2" bType="1" bond12="-1" bond13="-2" bond14="-3" bondAngle="111.208" bondLength="1.54" bondTorsion="180" chain="M" identity=" N  " index="1" kind="3" type="n2"/>
      <atom atmCharge="0.64604" bKind="0" bTop="2" bType="2" bond12="1" bond13="-1" bond14="-2" bondAngle="90" bondLength="1.25882" bondTorsion="90" chain="M" identity=" C  " index="2" kind="3" type="c2"/>
      <atom atmCharge="-0.09381" bKind="0" bTop="2" bType="1" bond12="2" bond13="1" bond14="-1" bondAngle="119.551" bondLength="1.39589" bondTorsion="0" chain="B" identity=" N2 " index="3" kind="3" type="nh"/>
      <atom atmCharge="-0.09381" bKind="0" bTop="2" bType="1" bond12="2" bond13="1" bond14="-1" bondAngle="126.404" bondLength="1.39274" bondTorsion="180" chain="M" identity=" N1 " index="4" kind="3" type="nh"/>
      <improper Atom1="1" Atom2="3" Atom3="2" Atom4="4"/>
      <feature atoms="2 " identity="HBA"/>
      <feature atoms="3 " identity="HBA"/>
      <feature atoms="5 " identity="HBA"/>
      <connectionPoints atoms="1 4 3 "/>
    </fragment>
    <fragment code="5PT00ADZ" identity="amidrazone" symbol="ADZ" type="l">
      <atom atmCharge="-0.34408" bKind="0" bTop="2" bType="1" bond12="-1" bond13="-2" bond14="-3" bondAngle="111.208" bondLength="1.54" bondTorsion="180" chain="M" identity=" N  " index="1" kind="3" type="n2"/>
      <atom atmCharge="0.45946" bKind="0" bTop="2" bType="2" bond12="1" bond13="-1" bond14="-2" bondAngle="90" bondLength="1.25223" bondTorsion="-90" chain="M" identity=" C  " index="2" kind="3" type="c2"/>
      <atom atmCharge="0.01269" bKind="0" bTop="2" bType="1" bond12="2" bond13="1" bond14="-1" bondAngle="120.734" bondLength="1.40476" bondTorsion="-0" chain="B" identity=" N1 " index="3" kind="3" type="nh"/>
      <atom atmCharge="-0.12808" bKind="0" bTop="2" bType="1" bond12="3" bond13="2" bond14="1" bondAngle="115.189" bondLength="1.39594" bondTorsion="-7.89618" chain="B" identity=" N2 " index="4" kind="3" type="n3"/>
      <improper Atom1="n1" Atom2="1" Atom3="2" Atom4="3"/>
      <feature atoms="1 " identity="HBA"/>
      <feature atoms="13 " identity="HBA"/>
      <feature atoms="5 " identity="HBA"/>
      <connectionPoints atoms="1 2 3 4 "/>
    </fragment>
    <fragment code="5PT00ENM" identity="enamine" symbol="ENM" type="l">
      <atom atmCharge="0.06816" bKind="0" bTop="2" bType="1" bond12="-1" bond13="-2" bond14="-3" bondAngle="111.208" bondLength="1.54" bondTorsion="180" chain="M" identity=" C  " index="1" kind="3" type="c2"/>
      <atom atmCharge="-0.03349" bKind="0" bTop="2" bType="1" bond12="1" bond13="-1" bond14="-2" bondAngle="30.002" bondLength="1.43746" bondTorsion="90" chain="B" identity=" N  " index="2" kind="3" type="nh"/>
      <atom atmCharge="-0.03467" bKind="0" bTop="2" bType="2" bond12="1" bond13="-1" bond14="-2" bondAngle="90" bondLength="1.33004" bondTorsion="-90" chain="M" identity=" C1 " index="3" kind="3" type="c2"/>
      <improper Atom1="p1" Atom2="3" Atom3="1" Atom4="2"/>
      <feature atoms="6 " identity="HBA"/>
      <connectionPoints atoms="1 3 2 "/>
    </fragment>
    <fragment code="5PT00HMI" identity="hemiaminal" symbol="HMI" type="l">
      <atom atmCharge="0.38899" bKind="0" bTop="2" bType="1" bond12="-1" bond13="-2" bond14="-3" bondAngle="111.208" bondLength="1.54" bondTorsion="180" chain="M" identity=" C  " index="1" kind="3" type="c3"/>
      <atom atmCharge="-0.19468" bKind="0" bTop="2" bType="1" bond12="1" bond13="-1" bond14="-2" bondAngle="160.533" bondLength="1.45851" bondTorsion="90" chain="B" identity=" N  " index="2" kind="3" type="n3"/>
      <atom atmCharge="-0.19431" bKind="0" bTop="2" bType="1" bond12="1" bond13="-1" bond14="-2" bondAngle="90" bondLength="1.41227" bondTorsion="-90" chain="M" identity=" O  " index="3" kind="3" type="os"/>
      <feature atoms="2 " identity="HBA"/>
      <feature atoms="3 " identity="HBA"/>
      <connectionPoints atoms="1 3 2 "/>
    </fragment>
    <fragment code="5PT00THI" identity="thioHemiaminal" symbol="THI" type="l">
      <atom atmCharge="0.25899" bKind="0" bTop="2" bType="1" bond12="-1" bond13="-2" bond14="-3" bondAngle="111.208" bondLength="1.54" bondTorsion="180" chain="M" identity=" C  " index="1" kind="3" type="c3"/>
      <atom atmCharge="-0.07574" bKind="0" bTop="2" bType="1" bond12="1" bond13="-1" bond14="-2" bondAngle="160.533" bondLength="1.46538" bondTorsion="90" chain="B" identity=" N  " index="2" kind="3" type="n3"/>
      <atom atmCharge="-0.18325" bKind="0" bTop="2" bType="1" bond12="1" bond13="-1" bond14="-2" bondAngle="90" bondLength="1.85876" bondTorsion="-90" chain="M" identity=" S  " index="3" kind="3" type="ss"/>
      <feature atoms="2 " identity="HBA"/>
      <feature atoms="3 " identity="HBA"/>
      <connectionPoints atoms="1 3 2 "/>
    </fragment>
    <fragment code="5PT00SCZ" identity="semicarbazone" symbol="SCZ" type="l">
      <atom atmCharge="0.4064" bKind="0" bTop="2" bType="1" bond12="-1" bond13="-2" bond14="-3" bondAngle="111.208" bondLength="1.54" bondTorsion="180" chain="M" identity=" C  " index="1" kind="3" type="c2"/>
      <atom atmCharge="-0.45381" bKind="0" bTop="2" bType="2" bond12="1" bond13="-1" bond14="-2" bondAngle="90" bondLength="1.26013" bondTorsion="90" chain="M" identity=" N  " index="2" kind="3" type="n2"/>
      <atom atmCharge="0.05019" bKind="0" bTop="2" bType="1" bond12="2" bond13="1" bond14="-1" bondAngle="116.697" bondLength="1.40908" bondTorsion="180" chain="M" identity=" N1 " index="3" kind="3" type="n"/>
      <atom atmCharge="0.6384" bKind="0" bTop="2" bType="1" bond12="3" bond13="2" bond14="1" bondAngle="116.545" bondLength="1.38161" bondTorsion="141.548" chain="B" identity=" C3 " index="4" kind="3" type="c"/>
      <atom atmCharge="-0.5962" bKind="0" bTop="2" bType="2" bond12="4" bond13="3" bond14="2" bondAngle="119.857" bondLength="1.20044" bondTorsion="153.692" chain="E" identity=" O  " index="5" kind="2" type="o"/>
      <atom atmCharge="-0.10438" bKind="0" bTop="2" bType="1" bond12="4" bond13="3" bond14="2" bondAngle="120.823" bondLength="1.52896" bondTorsion="-29.2817" chain="3" identity=" C5 " index="6" kind="3" type="c3"/>
      <atom atmCharge="0.0594" bKind="0" bTop="0" bType="1" bond12="6" bond13="4" bond14="3" bondAngle="101.656" bondLength="1.08309" bondTorsion="-162.566" chain="E" identity=" H9 " index="7" kind="1" type="hc"/>
      <improper Atom1="6" Atom2="3" Atom3="4" Atom4="5"/>
      <feature atoms="1 " identity="HBA"/>
      <feature atoms="3 " identity="HBA"/>
      <feature atoms="17 " identity="HBA"/>
      <connectionPoints atoms="1 3 6 "/>
    </fragment>
    <fragment code="5PT00TSZ" identity="thioSemicarbazone" symbol="TSZ" type="l">
      <atom atmCharge="0.47132" bKind="0" bTop="2" bType="1" bond12="-1" bond13="-2" bond14="-3" bondAngle="111.208" bondLength="1.54" bondTorsion="180" chain="M" identity=" C  " index="1" kind="3" type="c2"/>
      <atom atmCharge="-0.63138" bKind="0" bTop="2" bType="2" bond12="1" bond13="-1" bond14="-2" bondAngle="90" bondLength="1.26112" bondTorsion="90" chain="M" identity=" N  " index="2" kind="3" type="n2"/>
      <atom atmCharge="0.53972" bKind="0" bTop="2" bType="1" bond12="2" bond13="1" bond14="-1" bondAngle="116.74" bondLength="1.40539" bondTorsion="180" chain="M" identity=" N1 " index="3" kind="3" type="n"/>
      <atom atmCharge="-0.11944" bKind="0" bTop="2" bType="1" bond12="3" bond13="2" bond14="1" bondAngle="120.436" bondLength="1.32997" bondTorsion="125.654" chain="B" identity=" C3 " index="4" kind="3" type="c"/>
      <atom atmCharge="-0.43334" bKind="0" bTop="2" bType="2" bond12="4" bond13="3" bond14="2" bondAngle="121.057" bondLength="1.67369" bondTorsion="174.084" chain="E" identity=" S  " index="5" kind="2" type="s"/>
      <atom atmCharge="0.16445" bKind="0" bTop="2" bType="1" bond12="4" bond13="3" bond14="2" bondAngle="120.552" bondLength="1.53297" bondTorsion="-6.22138" chain="3" identity=" C5 " index="6" kind="3" type="c3"/>
      <atom atmCharge="0.00868" bKind="0" bTop="0" bType="1" bond12="6" bond13="4" bond14="3" bondAngle="103.031" bondLength="1.07894" bondTorsion="-175.808" chain="E" identity=" H9 " index="7" kind="1" type="hc"/>
      <improper Atom1="6" Atom2="3" Atom3="4" Atom4="5"/>
      <feature atoms="1 " identity="HBA"/>
      <feature atoms="3 " identity="HBA"/>
      <feature atoms="17 " identity="HBA"/>
      <connectionPoints atoms="1 3 6 "/>
    </fragment>
    <fragment code="5PT00SCI" identity="semicarbazide" symbol="SCI" type="l">
      <atom atmCharge="-0.02183" bKind="0" bTop="2" bType="1" bond12="-1" bond13="-2" bond14="-3" bondAngle="111.208" bondLength="1.54" bondTorsion="180" chain="M" identity=" N  " index="1" kind="3" type="n"/>
      <atom atmCharge="0.62828" bKind="0" bTop="2" bType="1" bond12="1" bond13="-1" bond14="-2" bondAngle="30.002" bondLength="1.37472" bondTorsion="-90" chain="M" identity=" C  " index="2" kind="3" type="c"/>
      <atom atmCharge="-0.58749" bKind="0" bTop="2" bType="2" bond12="2" bond13="1" bond14="-1" bondAngle="122.198" bondLength="1.19616" bondTorsion="-180" chain="E" identity=" O  " index="3" kind="2" type="o"/>
      <atom atmCharge="0.05653" bKind="0" bTop="2" bType="1" bond12="2" bond13="1" bond14="-1" bondAngle="114.422" bondLength="1.4012" bondTorsion="-0" chain="M" identity=" N1 " index="4" kind="3" type="n"/>
      <atom atmCharge="-0.07548" bKind="0" bTop="2" bType="1" bond12="4" bond13="2" bond14="1" bondAngle="113.21" bondLength="1.3978" bondTorsion="163.796" chain="B" identity=" N2 " index="5" kind="3" type="n3"/>
      <improper Atom1="1" Atom2="4" Atom3="2" Atom4="3"/>
      <feature atoms="2 " identity="HBA"/>
      <feature atoms="3 " identity="HBA"/>
      <feature atoms="4 " identity="HBA"/>
      <feature atoms="8 " identity="HBA"/>
      <connectionPoints atoms="1 4 5 "/>
    </fragment>
    <fragment code="5PT00TSI" identity="thioSemicarbazide" symbol="TSI" type="l">
      <atom atmCharge="0.21893" bKind="0" bTop="2" bType="1" bond12="-1" bond13="-2" bond14="-3" bondAngle="111.208" bondLength="1.54" bondTorsion="180" chain="M" identity=" N  " index="1" kind="3" type="n"/>
      <atom atmCharge="-0.16001" bKind="0" bTop="2" bType="1" bond12="1" bond13="-1" bond14="-2" bondAngle="30.002" bondLength="1.36056" bondTorsion="-90" chain="M" identity=" C  " index="2" kind="3" type="c"/>
      <atom atmCharge="-0.40647" bKind="0" bTop="2" bType="2" bond12="2" bond13="1" bond14="-1" bondAngle="122.401" bondLength="1.67202" bondTorsion="-180" chain="E" identity=" S  " index="3" kind="2" type="s"/>
      <atom atmCharge="0.54347" bKind="0" bTop="2" bType="1" bond12="2" bond13="1" bond14="-1" bondAngle="114.184" bondLength="1.36613" bondTorsion="-0" chain="M" identity=" N1 " index="4" kind="3" type="n"/>
      <atom atmCharge="-0.19593" bKind="0" bTop="2" bType="1" bond12="4" bond13="2" bond14="1" bondAngle="117.949" bondLength="1.38962" bondTorsion="163.087" chain="B" identity=" N2 " index="5" kind="3" type="n3"/>
      <improper Atom1="1" Atom2="4" Atom3="2" Atom4="3"/>
      <feature atoms="2 " identity="HBA"/>
      <feature atoms="3 " identity="HBA"/>
      <feature atoms="4 " identity="HBA"/>
      <feature atoms="8 " identity="HBA"/>
      <connectionPoints atoms="1 4 5 "/>
    </fragment>
  </group>
</stdLib>
