<?xml version="1.0" encoding="UTF-8" standalone="no" ?>
<stdLib>
  <group identity="cores">
    <fragment code="COR00PR1" identity="pparg_1" symbol="PR1" type="l">
      <atom atmCharge="0.04974" bKind="0" bTop="2" bType="1" bond12="-1" bond13="-2" bond14="-3" bondAngle="111.208" bondLength="1.54" bondTorsion="180" chain="M" identity=" C  " index="1" kind="7" type="c3"/>
      <atom atmCharge="0.00664" bKind="0" bTop="0" bType="1" bond12="1" bond13="-1" bond14="-2" bondAngle="127.733" bondLength="1.09" bondTorsion="102.666" chain="E" identity=" H  " index="2" kind="1" type="hc"/>
      <atom atmCharge="0.00664" bKind="0" bTop="0" bType="1" bond12="1" bond13="-1" bond14="-2" bondAngle="68.356" bondLength="1.09" bondTorsion="-158.881" chain="E" identity=" H1 " index="3" kind="1" type="hc"/>
      <atom atmCharge="-0.07281" bKind="0" bTop="2" bType="1" bond12="1" bond13="-1" bond14="-2" bondAngle="41.304" bondLength="1.545" bondTorsion="26.741" chain="M" identity=" C1 " index="4" kind="6" type="ca"/>
      <atom atmCharge="-0.10693" bKind="0" bTop="1" bType="7" bond12="4" bond13="1" bond14="-1" bondAngle="119.768" bondLength="1.437" bondTorsion="-19.918" chain="B" identity=" C2 " index="5" kind="6" type="ca"/>
      <atom atmCharge="-0.35783" bKind="0" bTop="1" bType="6" bond12="5" bond13="4" bond14="1" bondAngle="120.704" bondLength="1.418" bondTorsion="-179.962" chain="B" identity=" C3 " index="6" kind="6" type="ca"/>
      <atom atmCharge="0.16798" bKind="0" bTop="0" bType="1" bond12="6" bond13="5" bond14="4" bondAngle="120.001" bondLength="1.09" bondTorsion="-179.975" chain="E" identity=" H2 " index="7" kind="1" type="ha"/>
      <atom atmCharge="0.46895" bKind="0" bTop="1" bType="7" bond12="6" bond13="5" bond14="4" bondAngle="120.596" bondLength="1.424" bondTorsion="0.223" chain="B" identity=" C6 " index="8" kind="6" type="ca"/>
      <atom atmCharge="-0.35783" bKind="0" bTop="1" bType="6" bond12="8" bond13="6" bond14="5" bondAngle="118.654" bondLength="1.468" bondTorsion="-0.422" chain="B" identity=" C5 " index="9" kind="6" type="ca"/>
      <atom atmCharge="-0.10693" bKind="0" bTop="1" bType="7" bond12="9" bond13="8" bond14="6" bondAngle="120.44" bondLength="1.416" bondTorsion="0.402" chain="S" identity=" C4 " index="10" kind="6" type="ca"/>
      <atom atmCharge="0.15046" bKind="0" bTop="0" bType="1" bond12="10" bond13="9" bond14="8" bondAngle="119.987" bondLength="1.09" bondTorsion="-179.969" chain="E" identity=" H4 " index="11" kind="1" type="ha"/>
      <atom atmCharge="0.16798" bKind="0" bTop="0" bType="1" bond12="9" bond13="8" bond14="6" bondAngle="120" bondLength="1.09" bondTorsion="179.99" chain="E" identity=" H5 " index="12" kind="1" type="ha"/>
      <atom atmCharge="-0.41182" bKind="0" bTop="2" bType="1" bond12="8" bond13="6" bond14="5" bondAngle="116.251" bondLength="1.43" bondTorsion="-179.932" chain="S" identity=" O  " index="13" kind="7" type="os"/>
      <atom atmCharge="0.26795" bKind="0" bTop="2" bType="1" bond12="13" bond13="8" bond14="6" bondAngle="118.6" bondLength="1.464" bondTorsion="-148.914" chain="3" identity=" C7 " index="14" kind="7" type="c3"/>
      <atom atmCharge="-0.01131" bKind="0" bTop="0" bType="1" bond12="14" bond13="13" bond14="8" bondAngle="109.749" bondLength="1.09" bondTorsion="40.088" chain="E" identity=" H6 " index="15" kind="1" type="h1"/>
      <atom atmCharge="-0.01131" bKind="0" bTop="0" bType="1" bond12="14" bond13="13" bond14="8" bondAngle="109.728" bondLength="1.09" bondTorsion="-80.186" chain="E" identity=" H7 " index="16" kind="1" type="h1"/>
      <atom atmCharge="0.15046" bKind="0" bTop="0" bType="1" bond12="5" bond13="4" bond14="1" bondAngle="119.981" bondLength="1.091" bondTorsion="0.023" chain="E" identity=" H3 " index="17" kind="1" type="ha"/>
      <loop Atom1="10" Atom2="4" bStereo="0" bType="6"/>
      <improper Atom1="1" Atom2="10" Atom3="4" Atom4="5"/>
      <improper Atom1="4" Atom2="6" Atom3="5" Atom4="17"/>
      <improper Atom1="8" Atom2="5" Atom3="6" Atom4="7"/>
      <improper Atom1="9" Atom2="6" Atom3="8" Atom4="13"/>
      <improper Atom1="8" Atom2="10" Atom3="9" Atom4="12"/>
      <improper Atom1="9" Atom2="4" Atom3="10" Atom4="11"/>
      <ring aromatic="1" atoms="4 5 6 13 11 9 " hetero="0" nHetero="0" nNitrogen="0" nOxygen="0" nSulfur="0" planar="1" size="6"/>
      <connectionPoints atoms="1 14 "/>
      <connectionTorsion bd="1" ag="4" tr="5" value="94.54"/>
      <connectionTorsion bd="14" ag="13" tr="8" value="160.0"/>
      <rotatableBond atom1="14" atom2="13" atom3="8" atom4="9" values="150.0 "/>
    </fragment>
    <fragment code="COR00TYC" identity="tryCore1" symbol="TYC" type="l">
      <atom atmCharge="0.48759" bKind="0" bTop="2" bType="1" bond12="-1" bond13="-2" bond14="-3" bondAngle="111.208" bondLength="1.54" bondTorsion="180" chain="M" identity=" C9 " index="1" kind="7" type="c"/>
      <atom atmCharge="-0.51634" bKind="0" bTop="2" bType="2" bond12="1" bond13="-1" bond14="-2" bondAngle="70.46" bondLength="1.19386" bondTorsion="-37.259" chain="E" identity=" O  " index="2" kind="2" type="o"/>
      <atom atmCharge="0.37136" bKind="0" bTop="2" bType="1" bond12="1" bond13="-1" bond14="-2" bondAngle="79.473" bondLength="1.53393" bondTorsion="90" chain="M" identity=" C8 " index="3" kind="7" type="c3"/>
      <atom atmCharge="-0.64153" bKind="0" bTop="2" bType="1" bond12="3" bond13="1" bond14="-1" bondAngle="109.987" bondLength="1.55166" bondTorsion="60.012" chain="3" identity=" C6 " index="4" kind="7" type="c3"/>
      <atom atmCharge="0.30736" bKind="0" bTop="2" bType="1" bond12="4" bond13="3" bond14="1" bondAngle="114.239" bondLength="1.51358" bondTorsion="-60.013" chain="S" identity=" C4 " index="5" kind="6" type="ca"/>
      <atom atmCharge="-0.16227" bKind="0" bTop="1" bType="4" bond12="5" bond13="4" bond14="3" bondAngle="122.042" bondLength="1.39038" bondTorsion="60.019" chain="B" identity=" C3 " index="6" kind="6" type="ca"/>
      <atom atmCharge="-0.12598" bKind="0" bTop="1" bType="4" bond12="6" bond13="5" bond14="4" bondAngle="121.626" bondLength="1.38808" bondTorsion="180" chain="B" identity=" C2 " index="7" kind="6" type="ca"/>
      <atom atmCharge="-0.10448" bKind="0" bTop="1" bType="4" bond12="7" bond13="6" bond14="5" bondAngle="120.124" bondLength="1.37909" bondTorsion="-0" chain="B" identity=" C1 " index="8" kind="6" type="ca"/>
      <atom atmCharge="-0.27045" bKind="0" bTop="1" bType="4" bond12="8" bond13="7" bond14="6" bondAngle="118.956" bondLength="1.39445" bondTorsion="-0" chain="B" identity=" C  " index="9" kind="6" type="ca"/>
      <atom atmCharge="-0.1315" bKind="0" bTop="1" bType="4" bond12="9" bond13="8" bond14="7" bondAngle="120.588" bondLength="1.39127" bondTorsion="-0" chain="S" identity=" C5 " index="10" kind="6" type="ca"/>
      <atom atmCharge="0.10371" bKind="0" bTop="0" bType="1" bond12="10" bond13="9" bond14="8" bondAngle="120.664" bondLength="1.07335" bondTorsion="-180" chain="E" identity=" H3 " index="11" kind="1" type="ha"/>
      <atom atmCharge="0.93715" bKind="0" bTop="2" bType="1" bond12="9" bond13="8" bond14="7" bondAngle="120.116" bondLength="1.47132" bondTorsion="-180" chain="B" identity=" C7 " index="12" kind="3" type="ce"/>
      <atom atmCharge="-0.92387" bKind="0" bTop="2" bType="2" bond12="12" bond13="9" bond14="8" bondAngle="119.705" bondLength="1.3125" bondTorsion="180" chain="B" identity=" N  " index="13" kind="2" type="nh"/>
      <atom atmCharge="0.45935" bKind="0" bTop="0" bType="1" bond12="13" bond13="12" bond14="9" bondAngle="122.606" bondLength="0.998106" bondTorsion="-180" chain="E" identity=" H6 " index="14" kind="1" type="hn"/>
      <atom atmCharge="0.45935" bKind="0" bTop="0" bType="1" bond12="13" bond13="12" bond14="9" bondAngle="120.127" bondLength="0.997332" bondTorsion="-0" chain="E" identity=" H7 " index="15" kind="1" type="hn"/>
      <atom atmCharge="-0.92387" bKind="0" bTop="2" bType="1" bond12="12" bond13="9" bond14="8" bondAngle="120.068" bondLength="1.31343" bondTorsion="0" chain="B" identity=" N1 " index="16" kind="2" type="nh"/>
      <atom atmCharge="0.45935" bKind="0" bTop="0" bType="1" bond12="16" bond13="12" bond14="9" bondAngle="122.581" bondLength="0.998127" bondTorsion="180" chain="E" identity=" H4 " index="17" kind="1" type="hn"/>
      <atom atmCharge="0.45935" bKind="0" bTop="0" bType="1" bond12="16" bond13="12" bond14="9" bondAngle="120.198" bondLength="0.996531" bondTorsion="0" chain="E" identity=" H5 " index="18" kind="1" type="hn"/>
      <atom atmCharge="0.14405" bKind="0" bTop="0" bType="1" bond12="8" bond13="7" bond14="6" bondAngle="119.852" bondLength="1.07489" bondTorsion="-180" chain="E" identity=" H  " index="19" kind="1" type="ha"/>
      <atom atmCharge="0.17421" bKind="0" bTop="0" bType="1" bond12="7" bond13="6" bond14="5" bondAngle="119.944" bondLength="1.07361" bondTorsion="-180" chain="E" identity=" H1 " index="20" kind="1" type="ha"/>
      <atom atmCharge="0.17714" bKind="0" bTop="0" bType="1" bond12="6" bond13="5" bond14="4" bondAngle="119.545" bondLength="1.07481" bondTorsion="0" chain="E" identity=" H2 " index="21" kind="1" type="ha"/>
      <atom atmCharge="0.18295" bKind="0" bTop="0" bType="1" bond12="4" bond13="3" bond14="1" bondAngle="106.928" bondLength="1.08302" bondTorsion="179.999" chain="E" identity=" H8 " index="22" kind="1" type="hc"/>
      <atom atmCharge="0.18295" bKind="0" bTop="0" bType="1" bond12="4" bond13="3" bond14="1" bondAngle="109.991" bondLength="1.08492" bondTorsion="60.002" chain="E" identity=" H9 " index="23" kind="1" type="hc"/>
      <atom atmCharge="0.04179" bKind="0" bTop="0" bType="1" bond12="3" bond13="1" bond14="-1" bondAngle="108.567" bondLength="1.08477" bondTorsion="180" chain="E" identity=" H10" index="24" kind="1" type="h1"/>
      <atom atmCharge="-0.45784" bKind="0" bTop="2" bType="1" bond12="3" bond13="1" bond14="-1" bondAngle="112.269" bondLength="1.44983" bondTorsion="-60.009" chain="M" identity=" N2 " index="25" kind="8" type="n3"/>
      <atom atmCharge="0.31046" bKind="0" bTop="0" bType="1" bond12="25" bond13="3" bond14="1" bondAngle="107.061" bondLength="1.00246" bondTorsion="99.941" chain="E" identity=" H11" index="26" kind="1" type="hn"/>
      <loop Atom1="10" Atom2="5" bStereo="0" bType="4"/>
      <improper Atom1="p1" Atom2="3" Atom3="1" Atom4="2"/>
      <improper Atom1="4" Atom2="10" Atom3="5" Atom4="6"/>
      <improper Atom1="5" Atom2="7" Atom3="6" Atom4="21"/>
      <improper Atom1="8" Atom2="6" Atom3="7" Atom4="20"/>
      <improper Atom1="9" Atom2="7" Atom3="8" Atom4="19"/>
      <improper Atom1="8" Atom2="10" Atom3="9" Atom4="12"/>
      <improper Atom1="9" Atom2="5" Atom3="10" Atom4="11"/>
      <improper Atom1="9" Atom2="13" Atom3="12" Atom4="16"/>
      <ring aromatic="1" atoms="1 2 3 4 5 6 " hetero="0" nHetero="0" nNitrogen="0" nOxygen="0" nSulfur="0" planar="1" size="6"/>
      <connectionPoints atoms="1 25 "/>
    </fragment>
    <fragment code="COR00TY2" identity="tryCore2" symbol="TY2" type="l">
      <atom atmCharge="0.48759" bKind="0" bTop="2" bType="1" bond12="-1" bond13="-2" bond14="-3" bondAngle="111.208" bondLength="1.54" bondTorsion="180" chain="M" identity=" C9 " index="1" kind="7" type="c"/>
      <atom atmCharge="-0.51634" bKind="0" bTop="2" bType="2" bond12="1" bond13="-1" bond14="-2" bondAngle="70.46" bondLength="1.19386" bondTorsion="-37.259" chain="E" identity=" O  " index="2" kind="2" type="o"/>
      <atom atmCharge="0.37136" bKind="0" bTop="2" bType="1" bond12="1" bond13="-1" bond14="-2" bondAngle="79.473" bondLength="1.53393" bondTorsion="90" chain="M" identity=" C8 " index="3" kind="7" type="c3"/>
      <atom atmCharge="-0.64153" bKind="0" bTop="2" bType="1" bond12="3" bond13="1" bond14="-1" bondAngle="109.987" bondLength="1.55166" bondTorsion="60.012" chain="3" identity=" C6 " index="4" kind="7" type="c3"/>
      <atom atmCharge="0.30736" bKind="0" bTop="2" bType="1" bond12="4" bond13="3" bond14="1" bondAngle="114.239" bondLength="1.51358" bondTorsion="-60.013" chain="S" identity=" C4 " index="5" kind="6" type="ca"/>
      <atom atmCharge="-0.16227" bKind="0" bTop="1" bType="4" bond12="5" bond13="4" bond14="3" bondAngle="122.042" bondLength="1.39038" bondTorsion="60.019" chain="B" identity=" C3 " index="6" kind="6" type="ca"/>
      <atom atmCharge="-0.12598" bKind="0" bTop="1" bType="4" bond12="6" bond13="5" bond14="4" bondAngle="121.626" bondLength="1.38808" bondTorsion="180" chain="B" identity=" C2 " index="7" kind="6" type="ca"/>
      <atom atmCharge="-0.10448" bKind="0" bTop="1" bType="4" bond12="7" bond13="6" bond14="5" bondAngle="120.124" bondLength="1.37909" bondTorsion="-0" chain="B" identity=" C1 " index="8" kind="6" type="ca"/>
      <atom atmCharge="-0.27045" bKind="0" bTop="1" bType="4" bond12="8" bond13="7" bond14="6" bondAngle="118.956" bondLength="1.39445" bondTorsion="-0" chain="B" identity=" C  " index="9" kind="6" type="ca"/>
      <atom atmCharge="-0.1315" bKind="0" bTop="1" bType="4" bond12="9" bond13="8" bond14="7" bondAngle="120.588" bondLength="1.39127" bondTorsion="-0" chain="S" identity=" C5 " index="10" kind="6" type="ca"/>
      <atom atmCharge="0.10371" bKind="0" bTop="0" bType="1" bond12="10" bond13="9" bond14="8" bondAngle="120.664" bondLength="1.07335" bondTorsion="-180" chain="E" identity=" H3 " index="11" kind="1" type="ha"/>
      <atom atmCharge="0.93715" bKind="0" bTop="2" bType="1" bond12="9" bond13="8" bond14="7" bondAngle="120.116" bondLength="1.47132" bondTorsion="-180" chain="B" identity=" C7 " index="12" kind="3" type="ce"/>
      <atom atmCharge="-0.92387" bKind="0" bTop="2" bType="2" bond12="12" bond13="9" bond14="8" bondAngle="119.705" bondLength="1.3125" bondTorsion="180" chain="B" identity=" N  " index="13" kind="2" type="nh"/>
      <atom atmCharge="0.45935" bKind="0" bTop="0" bType="1" bond12="13" bond13="12" bond14="9" bondAngle="122.606" bondLength="0.998106" bondTorsion="-180" chain="E" identity=" H6 " index="14" kind="1" type="hn"/>
      <atom atmCharge="0.45935" bKind="0" bTop="0" bType="1" bond12="13" bond13="12" bond14="9" bondAngle="120.127" bondLength="0.997332" bondTorsion="-0" chain="E" identity=" H7 " index="15" kind="1" type="hn"/>
      <atom atmCharge="-0.92387" bKind="0" bTop="2" bType="1" bond12="12" bond13="9" bond14="8" bondAngle="120.068" bondLength="1.31343" bondTorsion="0" chain="B" identity=" N1 " index="16" kind="2" type="nh"/>
      <atom atmCharge="0.45935" bKind="0" bTop="0" bType="1" bond12="16" bond13="12" bond14="9" bondAngle="122.581" bondLength="0.998127" bondTorsion="180" chain="E" identity=" H4 " index="17" kind="1" type="hn"/>
      <atom atmCharge="0.45935" bKind="0" bTop="0" bType="1" bond12="16" bond13="12" bond14="9" bondAngle="120.198" bondLength="0.996531" bondTorsion="0" chain="E" identity=" H5 " index="18" kind="1" type="hn"/>
      <atom atmCharge="0.14405" bKind="0" bTop="0" bType="1" bond12="8" bond13="7" bond14="6" bondAngle="119.852" bondLength="1.07489" bondTorsion="-180" chain="E" identity=" H  " index="19" kind="1" type="ha"/>
      <atom atmCharge="0.17421" bKind="0" bTop="0" bType="1" bond12="7" bond13="6" bond14="5" bondAngle="119.944" bondLength="1.07361" bondTorsion="-180" chain="E" identity=" H1 " index="20" kind="1" type="ha"/>
      <atom atmCharge="0.17714" bKind="0" bTop="0" bType="1" bond12="6" bond13="5" bond14="4" bondAngle="119.545" bondLength="1.07481" bondTorsion="0" chain="E" identity=" H2 " index="21" kind="1" type="ha"/>
      <atom atmCharge="0.18295" bKind="0" bTop="0" bType="1" bond12="4" bond13="3" bond14="1" bondAngle="106.928" bondLength="1.08302" bondTorsion="179.999" chain="E" identity=" H8 " index="22" kind="1" type="hc"/>
      <atom atmCharge="0.18295" bKind="0" bTop="0" bType="1" bond12="4" bond13="3" bond14="1" bondAngle="109.991" bondLength="1.08492" bondTorsion="60.002" chain="E" identity=" H9 " index="23" kind="1" type="hc"/>
      <atom atmCharge="0.04179" bKind="0" bTop="0" bType="1" bond12="3" bond13="1" bond14="-1" bondAngle="108.567" bondLength="1.08477" bondTorsion="180" chain="E" identity=" H10" index="24" kind="1" type="h1"/>
      <loop Atom1="10" Atom2="5" bStereo="0" bType="4"/>
      <improper Atom1="p1" Atom2="3" Atom3="1" Atom4="2"/>
      <improper Atom1="4" Atom2="10" Atom3="5" Atom4="6"/>
      <improper Atom1="5" Atom2="7" Atom3="6" Atom4="21"/>
      <improper Atom1="8" Atom2="6" Atom3="7" Atom4="20"/>
      <improper Atom1="9" Atom2="7" Atom3="8" Atom4="19"/>
      <improper Atom1="8" Atom2="10" Atom3="9" Atom4="12"/>
      <improper Atom1="9" Atom2="5" Atom3="10" Atom4="11"/>
      <improper Atom1="9" Atom2="13" Atom3="12" Atom4="16"/>
      <ring aromatic="1" atoms="1 2 3 4 5 6 " hetero="0" nHetero="0" nNitrogen="0" nOxygen="0" nSulfur="0" planar="1" size="6"/>
      <connectionPoints atoms="1 3 "/>
    </fragment>
  </group>
</stdLib>
