<?xml version="1.0" encoding="UTF-8" standalone="no" ?>
<stdLib>

  <group identity="gt6MemRings">
    <fragment code="GT600G61" identity="cycloheptyl" symbol="G61" type="t" symmetry="C2">
      <atom atmCharge="-0.04932" bKind="0" bTop="2" bType="1" bond12="-1" bond13="-2" bond14="-3" bondAngle="120.00" bondLength="1.54" bondTorsion="180" chain="M" identity=" C  " index="1" kind="5" type="c3"/>
      <atom atmCharge="-0.06005" bKind="0" bTop="1" bType="1" bond12="1" bond13="-1" bond14="-2" bondAngle="121.86" bondLength="1.516" bondTorsion="90.0" chain="3" identity=" C2 " index="2" kind="5" type="c3"/>
      <atom atmCharge="0.00399" bKind="0" bTop="1" bType="1" bond12="2" bond13="1" bond14="-1" bondAngle="126.04" bondLength="1.541" bondTorsion="-155.0" chain="3" identity=" C3 " index="3" kind="5" type="c3"/>
      <atom atmCharge="0.03469" bKind="0" bTop="1" bType="1" bond12="3" bond13="2" bond14="1" bondAngle="108.01" bondLength="1.543" bondTorsion="-60.87" chain="3" identity=" C4 " index="4" kind="5" type="c3"/>
      <atom atmCharge="0.03469" bKind="0" bTop="1" bType="1" bond12="4" bond13="3" bond14="2" bondAngle="107.41" bondLength="1.544" bondTorsion="83.163" chain="3" identity=" C5 " index="5" kind="5" type="c3"/>
      <atom atmCharge="0.00399" bKind="0" bTop="1" bType="1" bond12="5" bond13="4" bond14="3" bondAngle="107.389" bondLength="1.541" bondTorsion="-85.386" chain="B" identity=" C6 " index="6" kind="5" type="c3"/>
      <atom atmCharge="-0.00102" bKind="0" bTop="0" bType="1" bond12="6" bond13="5" bond14="4" bondAngle="109.865" bondLength="1.09" bondTorsion="-157.003" chain="E" identity=" H  " index="7" kind="1" type="hc"/>
      <atom atmCharge="-0.00102" bKind="0" bTop="0" bType="1" bond12="6" bond13="5" bond14="4" bondAngle="110.324" bondLength="1.09" bondTorsion="-37.459" chain="E" identity=" H6 " index="8" kind="1" type="hc"/>
      <atom atmCharge="-0.01316" bKind="0" bTop="0" bType="1" bond12="5" bond13="4" bond14="3" bondAngle="110.003" bondLength="1.09" bondTorsion="154.847" chain="E" identity=" H5 " index="9" kind="1" type="hc"/>
      <atom atmCharge="-0.01316" bKind="0" bTop="0" bType="1" bond12="5" bond13="4" bond14="3" bondAngle="110.634" bondLength="1.09" bondTorsion="35.519" chain="E" identity=" H12" index="10" kind="1" type="hc"/>
      <atom atmCharge="-0.01316" bKind="0" bTop="0" bType="1" bond12="4" bond13="3" bond14="2" bondAngle="110.006" bondLength="1.09" bondTorsion="-33.845" chain="E" identity=" H4 " index="11" kind="1" type="hc"/>
      <atom atmCharge="-0.01316" bKind="0" bTop="0" bType="1" bond12="4" bond13="3" bond14="2" bondAngle="110.692" bondLength="1.09" bondTorsion="-153.211" chain="E" identity=" H11" index="12" kind="1" type="hc"/>
      <atom atmCharge="-0.00102" bKind="0" bTop="0" bType="1" bond12="3" bond13="2" bond14="1" bondAngle="110.039" bondLength="1.09" bondTorsion="156.202" chain="E" identity=" H3 " index="13" kind="1" type="hc"/>
      <atom atmCharge="-0.00102" bKind="0" bTop="0" bType="1" bond12="3" bond13="2" bond14="1" bondAngle="110.687" bondLength="1.09" bondTorsion="36.82" chain="E" identity=" H10" index="14" kind="1" type="hc"/>
      <atom atmCharge="0.02584" bKind="0" bTop="0" bType="1" bond12="2" bond13="3" bond14="4" bondAngle="109.959" bondLength="1.09" bondTorsion="60.425" chain="E" identity=" H2 " index="15" kind="1" type="hc"/>
      <atom atmCharge="0.02584" bKind="0" bTop="0" bType="1" bond12="2" bond13="3" bond14="4" bondAngle="110.451" bondLength="1.09" bondTorsion="-170.615" chain="E" identity=" H9 " index="16" kind="1" type="hc"/>
      <atom atmCharge="0.04542" bKind="0" bTop="0" bType="1" bond12="1" bond13="2" bond14="3" bondAngle="104.062" bondLength="1.091" bondTorsion="110.667" chain="E" identity=" H7 " index="17" kind="1" type="hc"/>
      <atom atmCharge="-0.06005" bKind="0" bTop="1" bType="1" bond12="6" bond13="5" bond14="4" bondAngle="107.385" bondLength="1.541" bondTorsion="85.904" chain="M" identity=" C1 " index="18" kind="5" type="c3"/>
      <atom atmCharge="0.02584" bKind="0" bTop="0" bType="1" bond12="18" bond13="6" bond14="5" bondAngle="105.208" bondLength="1.089" bondTorsion="155.212" chain="E" identity=" H1 " index="19" kind="1" type="hc"/>
      <atom atmCharge="0.02584" bKind="0" bTop="0" bType="1" bond12="18" bond13="6" bond14="5" bondAngle="99.762" bondLength="1.09" bondTorsion="35.776" chain="E" identity=" H8 " index="20" kind="1" type="hc"/>
      <loop Atom1="18" Atom2="1" bStereo="0" bType="1"/>
      <ring aromatic="0" atoms="1 2 7 6 5 4 3 " hetero="0" nHetero="0" nNitrogen="0" nOxygen="0" nSulfur="0" planar="0" size="7"/>
      <connectionPoints atoms="1 "/>
    </fragment>
    <fragment code="GT600G62" identity="cyclooctyl" symbol="G62" type="t">
      <atom atmCharge="-0.06795" bKind="0" bTop="2" bType="1" bond12="-1" bond13="-2" bond14="-3" bondAngle="111.208" bondLength="1.54" bondTorsion="180" chain="M" identity=" C5 " index="1" kind="5" type="c3"/>
      <atom atmCharge="-0.09091" bKind="0" bTop="1" bType="1" bond12="1" bond13="-1" bond14="-2" bondAngle="92.394" bondLength="1.53874" bondTorsion="158.143" chain="3" identity=" C4 " index="2" kind="5" type="c3"/>
      <atom atmCharge="-0.00249" bKind="0" bTop="1" bType="1" bond12="2" bond13="1" bond14="-1" bondAngle="118.733" bondLength="1.53883" bondTorsion="42.704" chain="3" identity=" C3 " index="3" kind="5" type="c3"/>
      <atom atmCharge="0.02752" bKind="0" bTop="1" bType="1" bond12="3" bond13="2" bond14="1" bondAngle="118.122" bondLength="1.5373" bondTorsion="-90.9692" chain="3" identity=" C2 " index="4" kind="5" type="c3"/>
      <atom atmCharge="0.04761" bKind="0" bTop="1" bType="1" bond12="4" bond13="3" bond14="2" bondAngle="117.964" bondLength="1.53187" bondTorsion="89.4501" chain="B" identity=" C1 " index="5" kind="5" type="c3"/>
      <atom atmCharge="-0.01918" bKind="0" bTop="0" bType="1" bond12="5" bond13="4" bond14="3" bondAngle="106.849" bondLength="1.08774" bondTorsion="162.603" chain="E" identity=" H2 " index="6" kind="1" type="hc"/>
      <atom atmCharge="-0.01918" bKind="0" bTop="0" bType="1" bond12="5" bond13="4" bond14="3" bondAngle="109.241" bondLength="1.08918" bondTorsion="48.686" chain="E" identity=" H3 " index="7" kind="1" type="hc"/>
      <atom atmCharge="-0.00981" bKind="0" bTop="0" bType="1" bond12="4" bond13="3" bond14="2" bondAngle="109.548" bondLength="1.08889" bondTorsion="-36.7408" chain="E" identity=" H4 " index="8" kind="1" type="hc"/>
      <atom atmCharge="-0.00981" bKind="0" bTop="0" bType="1" bond12="4" bond13="3" bond14="2" bondAngle="106.971" bondLength="1.08724" bondTorsion="-150.757" chain="E" identity=" H5 " index="9" kind="1" type="hc"/>
      <atom atmCharge="0.00299" bKind="0" bTop="0" bType="1" bond12="3" bond13="2" bond14="1" bondAngle="106.366" bondLength="1.08659" bondTorsion="149.519" chain="E" identity=" H6 " index="10" kind="1" type="hc"/>
      <atom atmCharge="0.00299" bKind="0" bTop="0" bType="1" bond12="3" bond13="2" bond14="1" bondAngle="109.833" bondLength="1.08864" bondTorsion="35.9005" chain="E" identity=" H7 " index="11" kind="1" type="hc"/>
      <atom atmCharge="0.03911" bKind="0" bTop="0" bType="1" bond12="2" bond13="1" bond14="-1" bondAngle="109.255" bondLength="1.08931" bondTorsion="-83.221" chain="E" identity=" H8 " index="12" kind="1" type="hc"/>
      <atom atmCharge="0.03911" bKind="0" bTop="0" bType="1" bond12="2" bond13="1" bond14="-1" bondAngle="106.499" bondLength="1.08666" bondTorsion="162.912" chain="E" identity=" H9 " index="13" kind="1" type="hc"/>
      <atom atmCharge="0.06135" bKind="0" bTop="0" bType="1" bond12="1" bond13="-1" bond14="-2" bondAngle="84.311" bondLength="1.08992" bondTorsion="-92.567" chain="E" identity=" H10" index="14" kind="1" type="hc"/>
      <atom atmCharge="-0.09091" bKind="0" bTop="1" bType="1" bond12="1" bond13="-1" bond14="-2" bondAngle="46.878" bondLength="1.53875" bondTorsion="30.832" chain="M" identity=" C6 " index="15" kind="5" type="c3"/>
      <atom atmCharge="0.03911" bKind="0" bTop="0" bType="1" bond12="15" bond13="1" bond14="-1" bondAngle="109.255" bondLength="1.08931" bondTorsion="106.205" chain="E" identity=" H11" index="16" kind="1" type="hc"/>
      <atom atmCharge="0.03911" bKind="0" bTop="0" bType="1" bond12="15" bond13="1" bond14="-1" bondAngle="106.5" bondLength="1.08666" bondTorsion="-139.901" chain="E" identity=" H12" index="17" kind="1" type="hc"/>
      <atom atmCharge="-0.00249" bKind="0" bTop="1" bType="1" bond12="15" bond13="1" bond14="-1" bondAngle="118.732" bondLength="1.53884" bondTorsion="-19.702" chain="M" identity=" C7 " index="18" kind="5" type="c3"/>
      <atom atmCharge="0.00299" bKind="0" bTop="0" bType="1" bond12="18" bond13="15" bond14="1" bondAngle="106.367" bondLength="1.08659" bondTorsion="-149.514" chain="E" identity=" H13" index="19" kind="1" type="hc"/>
      <atom atmCharge="0.00299" bKind="0" bTop="0" bType="1" bond12="18" bond13="15" bond14="1" bondAngle="109.832" bondLength="1.08863" bondTorsion="-35.8947" chain="E" identity=" H14" index="20" kind="1" type="hc"/>
      <atom atmCharge="0.02752" bKind="0" bTop="1" bType="1" bond12="18" bond13="15" bond14="1" bondAngle="118.123" bondLength="1.5373" bondTorsion="90.9737" chain="M" identity=" C  " index="21" kind="5" type="c3"/>
      <atom atmCharge="-0.00981" bKind="0" bTop="0" bType="1" bond12="21" bond13="18" bond14="15" bondAngle="106.971" bondLength="1.08724" bondTorsion="150.762" chain="E" identity=" H  " index="22" kind="1" type="hc"/>
      <atom atmCharge="-0.00981" bKind="0" bTop="0" bType="1" bond12="21" bond13="18" bond14="15" bondAngle="109.548" bondLength="1.08889" bondTorsion="36.7456" chain="E" identity=" H1 " index="23" kind="1" type="hc"/>
      <loop Atom1="21" Atom2="5" bStereo="0" bType="1"/>
      <ring aromatic="0" atoms="1 2 3 4 5 6 7 8 " hetero="0" nHetero="0" nNitrogen="0" nOxygen="0" nSulfur="0" planar="0" size="8"/>
      <connectionPoints atoms="1 "/>
    </fragment>
  </group>

</stdLib>
